llm,question_id,mode,trajectory_len,hit,agee,S,I,E,source
Qwen-2.5-7B,0,traversal,4,0,0.6699402553641818,0.8,0.3625,1.0,measured
Qwen-2.5-7B,1,memory,1,0,,,,,measured
Qwen-2.5-7B,2,traversal,8,1,0.5723264242911245,0.7705903563041967,0.27415293040293043,0.7894736842105263,measured
Qwen-2.5-7B,3,traversal,6,1,0.4943434951211222,0.42857142857142855,0.29853479853479853,1.0,measured
Qwen-2.5-7B,4,traversal,7,1,0.6388748187710432,0.9375,0.24464285714285713,0.9130434782608696,measured
Qwen-2.5-7B,5,memory,1,0,,,,,measured
Qwen-2.5-7B,6,memory,1,1,,,,,measured
Qwen-2.5-7B,7,memory,1,0,,,,,measured
Qwen-2.5-7B,8,traversal,4,1,0.5356757699574611,0.4,0.4277777777777778,1.0,measured
Qwen-2.5-7B,9,memory,1,0,,,,,measured
Qwen-2.5-7B,10,memory,1,0,,,,,measured
Qwen-2.5-7B,11,memory,1,0,,,,,measured
Qwen-2.5-7B,12,traversal,5,1,0.6798836449059503,0.703962233879344,0.5747110378808541,0.8,measured
Qwen-2.5-7B,13,traversal,5,1,0.7030499987246199,1.0,0.29,1.0,measured
Qwen-2.5-7B,14,traversal,7,1,0.47385471128409634,0.35627719216089176,0.40374006745555363,0.8260869565217391,measured
Qwen-2.5-7B,15,traversal,5,1,0.7884924638533254,0.9214021670134939,0.5267118135590237,1.0,measured
Qwen-2.5-7B,16,memory,1,1,,,,,measured
Qwen-2.5-7B,17,traversal,5,1,0.7030499987246199,1.0,0.29,1.0,measured
Qwen-2.5-7B,18,memory,1,0,,,,,measured
Qwen-2.5-7B,19,memory,1,0,,,,,measured
Qwen-2.5-7B,20,traversal,3,0,0.5379035228737238,0.3,0.5703703703703704,1.0,measured
Qwen-2.5-7B,21,traversal,9,1,0.6090082031081293,0.7968848590408928,0.2533637617077925,0.9772727272727272,measured
Qwen-2.5-7B,22,memory,1,0,,,,,measured
Qwen-2.5-7B,23,traversal,3,1,0.7757186296900005,0.7471623494762462,0.6630365150544523,1.0,measured
Qwen-2.5-7B,24,traversal,6,0,0.47270759091844194,0.375,0.30277777777777776,1.0,measured
Qwen-2.5-7B,25,memory,1,0,,,,,measured
Qwen-2.5-7B,26,memory,1,1,,,,,measured
Qwen-2.5-7B,27,traversal,7,1,0.5787523910411977,0.6346153846153846,0.30126540126540124,1.0,measured
Qwen-2.5-7B,28,memory,1,0,,,,,measured
Qwen-2.5-7B,29,memory,1,0,,,,,measured
Qwen-2.5-7B,30,memory,1,0,,,,,measured
Qwen-2.5-7B,31,memory,1,0,,,,,measured
Qwen-2.5-7B,32,memory,1,0,,,,,measured
Qwen-2.5-7B,33,traversal,3,0,0.6768790452625122,0.5882352941176471,0.5773420479302832,1.0,measured
Qwen-2.5-7B,34,memory,1,0,,,,,measured
Qwen-2.5-7B,35,memory,1,0,,,,,measured
Qwen-2.5-7B,36,traversal,3,1,0.8104153110605005,0.8343434343434343,0.6624150350691905,1.0,measured
Qwen-2.5-7B,37,traversal,6,1,0.6838194440251192,1.0,0.2555555555555556,1.0,measured
Qwen-2.5-7B,38,memory,1,0,,,,,measured
Qwen-2.5-7B,39,traversal,5,1,0.60331344585233,0.4293873500627789,0.6486442740958149,0.8666666666666667,measured
Qwen-2.5-7B,40,memory,1,0,,,,,measured
Qwen-2.5-7B,41,memory,1,0,,,,,measured
Qwen-2.5-7B,42,memory,1,0,,,,,measured
Qwen-2.5-7B,44,traversal,3,0,0.6450760945333125,0.6,0.48333333333333334,1.0,measured
Qwen-2.5-7B,45,memory,1,0,,,,,measured
Qwen-2.5-7B,46,memory,1,0,,,,,measured
Qwen-2.5-7B,47,memory,1,0,,,,,measured
Qwen-2.5-7B,48,memory,1,0,,,,,measured
Qwen-2.5-7B,49,memory,1,0,,,,,measured
Qwen-2.5-7B,50,memory,1,0,,,,,measured
Qwen-2.5-7B,51,memory,1,0,,,,,measured
Qwen-2.5-7B,52,memory,1,0,,,,,measured
Qwen-2.5-7B,53,traversal,7,1,0.6299977695322581,0.875,0.2346938775510204,1.0,measured
Qwen-2.5-7B,54,memory,1,0,,,,,measured
Qwen-2.5-7B,55,memory,1,1,,,,,measured
Qwen-2.5-7B,56,traversal,3,1,0.4274508964167456,0.13636363636363635,0.5353535353535354,1.0,measured
Qwen-2.5-7B,57,memory,1,0,,,,,measured
Qwen-2.5-7B,58,memory,1,0,,,,,measured
Qwen-2.5-7B,59,traversal,3,1,0.31720830278269163,0.0004761904761904762,0.609347442680776,1.0,measured
Qwen-2.5-7B,60,memory,1,1,,,,,measured
Qwen-2.5-7B,61,memory,1,1,,,,,measured
Qwen-2.5-7B,62,memory,1,0,,,,,measured
Qwen-2.5-7B,63,memory,1,0,,,,,measured
Qwen-2.5-7B,64,memory,1,0,,,,,measured
Qwen-2.5-7B,65,memory,1,1,,,,,measured
Qwen-2.5-7B,66,memory,1,0,,,,,measured
Qwen-2.5-7B,67,memory,1,0,,,,,measured
Qwen-2.5-7B,68,memory,1,0,,,,,measured
Qwen-2.5-7B,69,memory,1,0,,,,,measured
Qwen-2.5-7B,70,traversal,8,1,0.56878690983226,0.7272727272727273,0.21704545454545454,1.0,measured
Qwen-2.5-7B,71,memory,1,0,,,,,measured
Qwen-2.5-7B,72,memory,1,0,,,,,measured
Qwen-2.5-7B,73,traversal,8,1,0.6266373844020073,0.9,0.21458333333333335,1.0,measured
Qwen-2.5-7B,74,memory,1,0,,,,,measured
Qwen-2.5-7B,75,traversal,5,1,0.4337855685175778,0.23809523809523808,0.3719047619047619,1.0,measured
Qwen-2.5-7B,76,traversal,4,1,0.6699402553641818,0.8,0.3625,1.0,measured
Qwen-2.5-7B,77,memory,1,0,,,,,measured
Qwen-2.5-7B,78,memory,1,0,,,,,measured
Qwen-2.5-7B,79,memory,1,1,,,,,measured
Qwen-2.5-7B,80,memory,1,0,,,,,measured
Qwen-2.5-7B,81,memory,1,0,,,,,measured
Qwen-2.5-7B,82,memory,1,0,,,,,measured
Qwen-2.5-7B,83,traversal,8,0,0.5997544812932966,0.7536496350364964,0.25628526024103243,1.0,measured
Qwen-2.5-7B,84,memory,1,0,,,,,measured
Qwen-2.5-7B,86,memory,1,0,,,,,measured
Qwen-2.5-7B,87,traversal,7,1,0.6194069144396271,0.6853333333333332,0.37322737094837927,0.9375,measured
Qwen-2.5-7B,88,memory,1,0,,,,,measured
Qwen-2.5-7B,89,memory,1,0,,,,,measured
Qwen-2.5-7B,90,memory,1,0,,,,,measured
Qwen-2.5-7B,91,traversal,6,1,0.5188772251086106,0.3612342865730913,0.4837954764178261,0.8947368421052633,measured
Qwen-2.5-7B,92,memory,1,0,,,,,measured
Qwen-2.5-7B,93,memory,1,1,,,,,measured
Qwen-2.5-7B,94,memory,1,0,,,,,measured
Qwen-2.5-7B,95,memory,1,0,,,,,measured
Qwen-2.5-7B,96,traversal,6,1,0.6838194440251192,1.0,0.2555555555555556,1.0,measured
Qwen-2.5-7B,97,memory,1,0,,,,,measured
Qwen-2.5-7B,98,memory,1,0,,,,,measured
Qwen-2.5-7B,99,memory,1,0,,,,,measured
Qwen-2.5-7B,100,memory,1,0,,,,,measured
Qwen-2.5-7B,101,memory,1,0,,,,,measured
Qwen-2.5-7B,102,traversal,7,1,0.22755395432613965,0.014314928425357872,0.26205083260297984,1.0,measured
Qwen-2.5-7B,103,traversal,4,1,0.6598321412617915,0.7126436781609194,0.4459247648902821,0.9285714285714286,measured
Qwen-2.5-7B,104,memory,1,0,,,,,measured
Qwen-2.5-7B,105,traversal,8,1,0.6538456350323049,1.0,0.20535714285714285,1.0,measured
Qwen-2.5-7B,106,memory,1,0,,,,,measured
Qwen-2.5-7B,108,traversal,7,1,0.5994777295209069,0.7777777777777778,0.2400793650793651,1.0,measured
Qwen-2.5-7B,109,memory,1,0,,,,,measured
Qwen-2.5-7B,110,traversal,8,1,0.6189154230250185,0.8192430656649929,0.2646090160262511,0.9574468085106382,measured
Qwen-2.5-7B,111,memory,1,0,,,,,measured
Qwen-2.5-7B,112,traversal,4,1,0.32809927734342303,0.046511627906976744,0.45671834625322993,1.0,measured
Qwen-2.5-7B,114,traversal,4,1,0.6855353328101682,0.7160493827160493,0.504448075526507,0.9285714285714286,measured
Qwen-2.5-7B,115,memory,1,0,,,,,measured
Qwen-2.5-7B,116,memory,1,0,,,,,measured
Qwen-2.5-7B,117,traversal,9,1,0.6373240770976212,1.0,0.2,0.935483870967742,measured
Qwen-2.5-7B,118,traversal,3,0,0.7326815794165765,0.7011494252873562,0.6845175896900034,0.8571428571428572,measured
Qwen-2.5-7B,119,traversal,7,1,0.6676243246041037,1.0,0.22789115646258504,1.0,measured
Qwen-2.5-7B,120,memory,1,0,,,,,measured
Qwen-2.5-7B,121,traversal,3,1,0.506121182921061,0.23076923076923078,0.5918803418803419,1.0,measured
Qwen-2.5-7B,122,memory,1,0,,,,,measured
Qwen-2.5-7B,123,traversal,5,1,0.5633613682984172,0.5201235267833423,0.4643015521064301,0.8,measured
Qwen-2.5-7B,124,memory,1,0,,,,,measured
Qwen-2.5-7B,125,memory,1,0,,,,,measured
Qwen-2.5-7B,126,traversal,11,1,0.5091886576168065,0.599691375826399,0.2358129257263257,0.875,measured
Qwen-2.5-7B,127,traversal,3,1,0.32105699426867257,4.1493775933609944e-05,0.6246369294605809,1.0,measured
Qwen-2.5-7B,128,traversal,4,1,0.45056089639116736,0.21052631578947367,0.4612573099415205,1.0,measured
Qwen-2.5-7B,129,traversal,4,1,0.754891602277598,0.8756760862404527,0.5251225490196079,0.9285714285714286,measured
Qwen-2.5-7B,130,traversal,9,1,0.5641201951223179,0.75,0.19528619528619529,1.0,measured
Qwen-2.5-7B,131,traversal,8,1,0.6259040776249342,0.7934782608695652,0.3038897515527951,0.9361702127659575,measured
Qwen-2.5-7B,132,memory,1,1,,,,,measured
Qwen-2.5-7B,133,memory,1,0,,,,,measured
Qwen-2.5-7B,134,traversal,4,1,0.5082889981645315,0.3333333333333333,0.4393939393939394,1.0,measured
Qwen-2.5-7B,135,memory,1,0,,,,,measured
Qwen-2.5-7B,136,memory,1,1,,,,,measured
Qwen-2.5-7B,137,memory,1,0,,,,,measured
Qwen-2.5-7B,138,memory,1,0,,,,,measured
Qwen-2.5-7B,139,memory,1,0,,,,,measured
Qwen-2.5-7B,140,traversal,7,1,0.5181079277877053,0.5384615384615384,0.25366300366300365,1.0,measured
Qwen-2.5-7B,141,memory,1,0,,,,,measured
Qwen-2.5-7B,142,memory,1,0,,,,,measured
Qwen-2.5-7B,143,memory,1,0,,,,,measured
Qwen-2.5-7B,144,memory,1,0,,,,,measured
Qwen-2.5-7B,145,traversal,9,1,0.5494552395499372,0.7406454496153463,0.23055555555555557,0.8387096774193548,measured
Qwen-2.5-7B,146,traversal,6,1,0.6441280146765829,0.7666666666666666,0.38511904761904764,0.8846153846153846,measured
Qwen-2.5-7B,147,memory,1,0,,,,,measured
Qwen-2.5-7B,148,traversal,5,1,0.551069005173909,0.5154607158468694,0.3435897435897436,1.0,measured
Qwen-2.5-7B,149,memory,1,0,,,,,measured
Qwen-2.5-7B,150,memory,1,0,,,,,measured
Qwen-2.5-7B,151,traversal,5,1,0.7195603305505357,0.7371982470297319,0.5848193887596347,0.9,measured
Qwen-2.5-7B,152,traversal,9,1,0.5607878768599562,0.7045454545454546,0.2395622895622896,0.935483870967742,measured
Qwen-2.5-7B,153,memory,1,0,,,,,measured
Qwen-2.5-7B,154,traversal,4,1,0.6537841122122126,0.49582302511911613,0.7385038310319955,0.8181818181818181,measured
Qwen-2.5-7B,155,memory,1,0,,,,,measured
Qwen-2.5-7B,156,traversal,5,1,0.6675637174262421,0.8190712252830503,0.36469745793054065,0.95,measured
Qwen-2.5-7B,157,traversal,4,0,0.7109039241786773,0.7844827586206896,0.5019157088122606,0.9285714285714286,measured
Qwen-2.5-7B,158,memory,1,0,,,,,measured
Qwen-2.5-7B,159,traversal,6,0,0.6077044435606993,0.75,0.2738095238095238,1.0,measured
Qwen-2.5-7B,160,memory,1,1,,,,,measured
Qwen-2.5-7B,161,memory,1,0,,,,,measured
Qwen-2.5-7B,162,traversal,5,1,0.5122399252274895,0.4166666666666667,0.3515151515151515,1.0,measured
Qwen-2.5-7B,163,memory,1,0,,,,,measured
Qwen-2.5-7B,164,memory,1,0,,,,,measured
Qwen-2.5-7B,165,memory,1,0,,,,,measured
Qwen-2.5-7B,166,traversal,7,1,0.599498996232489,0.5976652734268284,0.3774801587301587,1.0,measured
Qwen-2.5-7B,167,traversal,3,1,0.7580979616572823,0.7018315094628395,0.6657938567400813,1.0,measured
Qwen-2.5-7B,168,memory,1,0,,,,,measured
Qwen-2.5-7B,169,memory,1,0,,,,,measured
Qwen-2.5-7B,170,memory,1,0,,,,,measured
Qwen-2.5-7B,171,memory,1,0,,,,,measured
Qwen-2.5-7B,172,traversal,6,1,0.5576329218237137,0.6,0.2851851851851852,1.0,measured
Qwen-2.5-7B,173,memory,1,0,,,,,measured
Qwen-2.5-7B,174,traversal,5,1,0.6347705006071646,0.6666666666666666,0.3955555555555556,1.0,measured
Qwen-2.5-7B,175,memory,1,0,,,,,measured
Qwen-2.5-7B,176,traversal,4,1,0.6653822347435276,0.625,0.5080915178571428,1.0,measured
Qwen-2.5-7B,177,memory,1,0,,,,,measured
Qwen-2.5-7B,178,traversal,5,1,0.5924992791099493,0.6153979170272448,0.34625000000000006,1.0,measured
Qwen-2.5-7B,179,traversal,6,1,0.6412776051956836,0.8571428571428571,0.26587301587301587,1.0,measured
Qwen-2.5-7B,180,memory,1,0,,,,,measured
Qwen-2.5-7B,181,memory,1,0,,,,,measured
Qwen-2.5-7B,182,memory,1,0,,,,,measured
Qwen-2.5-7B,183,memory,1,0,,,,,measured
Qwen-2.5-7B,184,traversal,7,1,0.5526531684685028,0.6363636363636364,0.24805194805194805,1.0,measured
Qwen-2.5-7B,185,memory,1,0,,,,,measured
Qwen-2.5-7B,186,traversal,5,0,0.5640839337667529,0.5555555555555556,0.33611111111111114,1.0,measured
Qwen-2.5-7B,187,traversal,8,1,0.5542991629140137,0.5572200435433254,0.3701896050553112,0.868421052631579,measured
Qwen-2.5-7B,188,memory,1,0,,,,,measured
Qwen-2.5-7B,189,memory,1,0,,,,,measured
Qwen-2.5-7B,190,traversal,3,1,0.35504598622162953,6.68300289596792e-05,0.7636630281428678,1.0,measured
Qwen-2.5-7B,191,memory,1,0,,,,,measured
Qwen-2.5-7B,192,memory,1,0,,,,,measured
Qwen-2.5-7B,193,traversal,3,1,0.7536480455567394,0.7557500476765387,0.5968379446640316,1.0,measured
Qwen-2.5-7B,194,traversal,6,1,0.6412776051956836,0.8571428571428571,0.26587301587301587,1.0,measured
Qwen-2.5-7B,195,traversal,7,1,0.661126983267543,0.7511766824480249,0.4986411720655946,0.7692307692307693,measured
Qwen-2.5-7B,196,memory,1,0,,,,,measured
Qwen-2.5-7B,197,memory,1,0,,,,,measured
Qwen-2.5-7B,198,memory,1,0,,,,,measured
Qwen-2.5-7B,199,traversal,4,1,0.5356757699574611,0.4,0.4277777777777778,1.0,measured
Llama-3.1-8B,0,memory,1,1,,,,,estimated
Llama-3.1-8B,1,traversal,4,1,0.5981496717529754,0.5714285714285714,0.39880952380952384,1.0,estimated
Llama-3.1-8B,2,memory,1,0,,,,,estimated
Llama-3.1-8B,3,traversal,5,1,0.4879473373527564,0.35714285714285715,0.35824175824175825,1.0,estimated
Llama-3.1-8B,4,memory,1,0,,,,,estimated
Llama-3.1-8B,5,memory,1,0,,,,,estimated
Llama-3.1-8B,6,traversal,4,1,0.6506977705053001,0.5047773284169801,0.7168484271572518,0.8181818181818181,estimated
Llama-3.1-8B,7,traversal,5,1,0.7030499987246199,1.0,0.29,1.0,estimated
Llama-3.1-8B,8,memory,1,1,,,,,estimated
Llama-3.1-8B,9,memory,1,0,,,,,estimated
Llama-3.1-8B,10,traversal,5,0,0.659251052905477,0.7140041590071083,0.4094087441253854,1.0,estimated
Llama-3.1-8B,11,traversal,6,1,0.6457302391493633,0.7254901960784313,0.44281045751633985,0.8461538461538461,estimated
Llama-3.1-8B,12,traversal,8,0,0.46859401456026456,0.4150777545591807,0.25526502853784716,1.0,estimated
Llama-3.1-8B,13,traversal,5,1,0.7030499987246199,1.0,0.29,1.0,estimated
Llama-3.1-8B,14,memory,1,0,,,,,estimated
Llama-3.1-8B,15,traversal,6,0,0.7055516211850079,0.9334142722244705,0.35053721644977914,0.9705882352941175,estimated
Llama-3.1-8B,16,traversal,8,1,0.5923446631836045,0.8,0.2138888888888889,1.0,estimated
Llama-3.1-8B,17,traversal,5,1,0.7030499987246199,1.0,0.29,1.0,estimated
Llama-3.1-8B,18,traversal,6,1,0.5383205236145169,0.5454545454545454,0.28939393939393937,1.0,estimated
Llama-3.1-8B,19,traversal,8,0,0.5017706765722924,0.5333333333333333,0.2255952380952381,1.0,estimated
Llama-3.1-8B,20,traversal,7,1,0.574122386129957,0.7,0.24444444444444446,1.0,estimated
Llama-3.1-8B,21,traversal,9,0,0.6168549728819346,0.8048780487804879,0.26781723957590453,0.9636363636363636,estimated
Llama-3.1-8B,22,traversal,9,1,0.5860616328424997,0.8181818181818182,0.19292929292929292,1.0,estimated
Llama-3.1-8B,23,memory,1,0,,,,,estimated
Llama-3.1-8B,24,traversal,9,1,0.5001993662601841,0.5625,0.20185185185185184,1.0,estimated
Llama-3.1-8B,25,traversal,4,0,0.7154048949015166,0.6839826839826839,0.5732788447074162,1.0,estimated
Llama-3.1-8B,26,traversal,7,0,0.7190071906902509,0.922770453367853,0.4036689880514082,0.9318181818181819,estimated
Llama-3.1-8B,27,traversal,10,0,0.5528638874650347,0.6923076923076923,0.21088578088578086,1.0,estimated
Llama-3.1-8B,28,traversal,8,1,0.6538456350323049,1.0,0.20535714285714285,1.0,estimated
Llama-3.1-8B,29,memory,1,0,,,,,estimated
Llama-3.1-8B,30,traversal,11,1,0.5887713522284689,0.8333333333333334,0.2217324762779308,0.9014084507042253,estimated
Llama-3.1-8B,31,traversal,7,1,0.6090964348485252,0.7872046965857777,0.2844387755102041,0.9130434782608696,estimated
Llama-3.1-8B,32,memory,1,0,,,,,estimated
Llama-3.1-8B,33,traversal,8,1,0.5921335388166866,0.7352941176470589,0.25431839402427636,1.0,estimated
Llama-3.1-8B,34,traversal,9,1,0.6331938401489327,0.8092170896335464,0.36192891105150604,0.8125,estimated
Llama-3.1-8B,35,memory,1,0,,,,,estimated
Llama-3.1-8B,36,traversal,9,1,0.6177600795383874,0.8363636363636363,0.2474429382030461,0.96875,estimated
Llama-3.1-8B,37,traversal,3,1,0.613190537409625,0.5,0.5111111111111112,1.0,estimated
Llama-3.1-8B,38,traversal,9,1,0.6116559138141632,0.9,0.19012345679012346,1.0,estimated
Llama-3.1-8B,39,memory,1,0,,,,,estimated
Llama-3.1-8B,40,traversal,6,1,0.490762201050489,0.35178536552197304,0.47478951396861846,0.7894736842105263,estimated
Llama-3.1-8B,41,traversal,5,1,0.7030499987246199,1.0,0.29,1.0,estimated
Llama-3.1-8B,42,memory,1,0,,,,,estimated
Llama-3.1-8B,44,memory,1,0,,,,,estimated
Llama-3.1-8B,45,memory,1,0,,,,,estimated
Llama-3.1-8B,46,traversal,11,0,0.5687192620382192,0.7839738118166414,0.207291177119738,0.9263157894736842,estimated
Llama-3.1-8B,47,memory,1,0,,,,,estimated
Llama-3.1-8B,48,traversal,7,1,0.47626983483683427,0.48069848845718804,0.2997732426303855,0.782608695652174,estimated
Llama-3.1-8B,49,traversal,10,1,0.5260417331590447,0.6666666666666666,0.18047619047619048,1.0,estimated
Llama-3.1-8B,50,traversal,5,0,0.6388092557638493,0.6785714285714286,0.39421768707482996,1.0,estimated
Llama-3.1-8B,51,traversal,5,1,0.7173860790735664,0.6871155089533361,0.6028275163120735,0.95,estimated
Llama-3.1-8B,52,traversal,3,0,0.7241767359135385,0.7166666666666666,0.5619047619047619,1.0,estimated
Llama-3.1-8B,53,memory,1,0,,,,,estimated
Llama-3.1-8B,54,traversal,5,1,0.7030499987246199,1.0,0.29,1.0,estimated
Llama-3.1-8B,55,memory,1,0,,,,,estimated
Llama-3.1-8B,56,traversal,8,1,0.5960559303853712,0.8636363636363636,0.2212121212121212,0.8888888888888888,estimated
Llama-3.1-8B,57,traversal,4,1,0.5981496717529754,0.5714285714285714,0.39880952380952384,1.0,estimated
Llama-3.1-8B,58,traversal,5,1,0.5521078240081272,0.38621059305809713,0.5591572989644293,0.8666666666666667,estimated
Llama-3.1-8B,59,memory,1,0,,,,,estimated
Llama-3.1-8B,60,traversal,7,1,0.6676243246041037,1.0,0.22789115646258504,1.0,estimated
Llama-3.1-8B,61,traversal,8,1,0.6538456350323049,1.0,0.20535714285714285,1.0,estimated
Llama-3.1-8B,62,traversal,7,0,0.574122386129957,0.7,0.24444444444444446,1.0,estimated
Llama-3.1-8B,63,memory,1,0,,,,,estimated
Llama-3.1-8B,64,memory,1,0,,,,,estimated
Llama-3.1-8B,65,traversal,6,1,0.6838194440251192,1.0,0.2555555555555556,1.0,estimated
Llama-3.1-8B,66,memory,1,1,,,,,estimated
Llama-3.1-8B,67,memory,1,0,,,,,estimated
Llama-3.1-8B,68,memory,1,0,,,,,estimated
Llama-3.1-8B,69,memory,1,0,,,,,estimated
Llama-3.1-8B,70,traversal,11,1,0.6226105384859137,1.0,0.1578512396694215,1.0,estimated
Llama-3.1-8B,71,traversal,8,1,0.6538456350323049,1.0,0.20535714285714285,1.0,estimated
Llama-3.1-8B,72,traversal,10,1,0.6042050747609169,0.7213662542747449,0.33967204670329665,0.873015873015873,estimated
Llama-3.1-8B,73,traversal,7,0,0.6258991575049498,0.8455380299191111,0.24523809523809526,1.0,estimated
Llama-3.1-8B,74,traversal,8,1,0.5309719411484539,0.6153846153846154,0.2219551282051282,1.0,estimated
Llama-3.1-8B,75,traversal,5,1,0.4337855685175778,0.23809523809523808,0.3719047619047619,1.0,estimated
Llama-3.1-8B,76,memory,1,0,,,,,estimated
Llama-3.1-8B,77,traversal,7,1,0.6299977695322581,0.875,0.2346938775510204,1.0,estimated
Llama-3.1-8B,78,traversal,8,1,0.6538456350323049,1.0,0.20535714285714285,1.0,estimated
Llama-3.1-8B,79,traversal,6,1,0.6838194440251192,1.0,0.2555555555555556,1.0,estimated
Llama-3.1-8B,80,traversal,11,1,0.4958409738032817,0.533129905593843,0.23923489591916614,0.9285714285714285,estimated
Llama-3.1-8B,81,traversal,5,1,0.5269807843486494,0.45454545454545453,0.3472727272727273,1.0,estimated
Llama-3.1-8B,82,memory,1,0,,,,,estimated
Llama-3.1-8B,83,traversal,7,0,0.5964817901301623,0.7116608413478687,0.29104365739978494,0.96875,estimated
Llama-3.1-8B,84,traversal,8,1,0.6143080902624808,0.8552631578947368,0.2492324561403509,0.9148936170212766,estimated
Llama-3.1-8B,86,memory,1,0,,,,,estimated
Llama-3.1-8B,87,memory,1,0,,,,,estimated
Llama-3.1-8B,88,traversal,3,1,0.5379035228737238,0.3,0.5703703703703704,1.0,estimated
Llama-3.1-8B,89,memory,1,0,,,,,estimated
Llama-3.1-8B,90,traversal,9,1,0.6419891972749879,1.0,0.1867283950617284,1.0,estimated
Llama-3.1-8B,91,traversal,6,0,0.6293560140228959,0.6461074331665241,0.4015807003866943,1.0,estimated
Llama-3.1-8B,92,memory,1,0,,,,,estimated
Llama-3.1-8B,93,traversal,7,1,0.5621059814945002,0.6581175710322192,0.34061771561771564,0.78125,estimated
Llama-3.1-8B,94,memory,1,0,,,,,estimated
Llama-3.1-8B,95,traversal,4,0,0.7509024541282433,0.8205128205128206,0.5275641025641026,1.0,estimated
Llama-3.1-8B,96,traversal,6,1,0.6838194440251192,1.0,0.2555555555555556,1.0,estimated
Llama-3.1-8B,97,traversal,3,1,0.588418909566282,0.42857142857142855,0.5317460317460317,1.0,estimated
Llama-3.1-8B,98,traversal,3,1,0.506121182921061,0.23076923076923078,0.5918803418803419,1.0,estimated
Llama-3.1-8B,99,memory,1,1,,,,,estimated
Llama-3.1-8B,100,memory,1,0,,,,,estimated
Llama-3.1-8B,101,traversal,6,1,0.6838194440251192,1.0,0.2555555555555556,1.0,estimated
Llama-3.1-8B,102,traversal,9,1,0.48340441576809196,0.45438744070089643,0.30195247833284644,0.8709677419354839,estimated
Llama-3.1-8B,103,traversal,7,1,0.6270235807900497,0.7471264367816092,0.3139274518584863,1.0,estimated
Llama-3.1-8B,104,traversal,6,1,0.5383205236145169,0.5454545454545454,0.28939393939393937,1.0,estimated
Llama-3.1-8B,105,traversal,8,1,0.6538456350323049,1.0,0.20535714285714285,1.0,estimated
Llama-3.1-8B,106,memory,1,0,,,,,estimated
Llama-3.1-8B,108,traversal,7,1,0.5994777295209069,0.7777777777777778,0.2400793650793651,1.0,estimated
Llama-3.1-8B,109,traversal,7,1,0.6462613608161927,0.7906976744186046,0.3421037019458946,0.9487179487179487,estimated
Llama-3.1-8B,110,memory,1,0,,,,,estimated
Llama-3.1-8B,111,traversal,7,1,0.5341905811597496,0.5833333333333334,0.2510822510822511,1.0,estimated
Llama-3.1-8B,112,memory,1,0,,,,,estimated
Llama-3.1-8B,114,traversal,6,0,0.6200410523155085,0.7407407407407407,0.3362987170176713,0.9230769230769231,estimated
Llama-3.1-8B,115,traversal,7,1,0.5794849230329399,0.7692307692307692,0.2565846851561137,0.8695652173913043,estimated
Llama-3.1-8B,116,memory,1,0,,,,,estimated
Llama-3.1-8B,117,memory,1,0,,,,,estimated
Llama-3.1-8B,118,traversal,6,1,0.60497699846739,0.735632183908046,0.3422587948450017,0.8461538461538461,estimated
Llama-3.1-8B,119,traversal,5,1,0.6174136752845653,0.7142857142857143,0.3190476190476191,1.0,estimated
Llama-3.1-8B,120,traversal,8,0,0.35574875125616495,0.19047619047619047,0.24114401858304296,1.0,estimated
Llama-3.1-8B,121,traversal,7,1,0.5181079277877053,0.5384615384615384,0.25366300366300365,1.0,estimated
Llama-3.1-8B,122,traversal,6,1,0.7440610528836702,0.8949494949494949,0.49186868686868684,0.911764705882353,estimated
Llama-3.1-8B,123,traversal,11,1,0.5080086797035144,0.6341463414634146,0.2110461600483773,0.8717948717948718,estimated
Llama-3.1-8B,124,traversal,8,0,0.66474629179519,0.812088998928608,0.3425788497217069,1.0,estimated
Llama-3.1-8B,125,traversal,3,1,0.5684458481096544,0.375,0.5476190476190476,1.0,estimated
Llama-3.1-8B,126,traversal,8,1,0.5235223484447727,0.5846630617576337,0.32424277287369785,0.763157894736842,estimated
Llama-3.1-8B,127,memory,1,0,,,,,estimated
Llama-3.1-8B,128,traversal,11,1,0.48678015597745516,0.5789473684210527,0.16772993088782562,1.0,estimated
Llama-3.1-8B,129,memory,1,0,,,,,estimated
Llama-3.1-8B,130,traversal,6,1,0.5216783038847626,0.5,0.29292929292929293,1.0,estimated
Llama-3.1-8B,131,traversal,5,1,0.6476542605651819,0.7634113606881218,0.365527950310559,0.9500000000000001,estimated
Llama-3.1-8B,132,traversal,8,1,0.6172785401885161,0.9,0.22395833333333331,0.9259259259259259,estimated
Llama-3.1-8B,133,traversal,9,1,0.6419891972749879,1.0,0.1867283950617284,1.0,estimated
Llama-3.1-8B,134,memory,1,0,,,,,estimated
Llama-3.1-8B,135,traversal,10,1,0.6071440465237421,0.8655309017096867,0.27024030391377324,0.8108108108108107,estimated
Llama-3.1-8B,136,traversal,5,1,0.6038368320256197,0.625,0.42474747474747476,0.8666666666666667,estimated
Llama-3.1-8B,137,memory,1,1,,,,,estimated
Llama-3.1-8B,138,traversal,8,1,0.5017706765722924,0.5333333333333333,0.2255952380952381,1.0,estimated
Llama-3.1-8B,139,memory,1,0,,,,,estimated
Llama-3.1-8B,140,memory,1,0,,,,,estimated
Llama-3.1-8B,141,traversal,6,0,0.6077044435606993,0.75,0.2738095238095238,1.0,estimated
Llama-3.1-8B,142,traversal,9,0,0.5687450241252585,0.6862745098039216,0.24371178867460142,1.0,estimated
Llama-3.1-8B,143,traversal,4,1,0.6410903231759543,0.625,0.4487215909090909,1.0,estimated
Llama-3.1-8B,144,traversal,3,1,0.3267402944976762,0.0005877742946708464,0.6473904196227246,1.0,estimated
Llama-3.1-8B,145,traversal,11,1,0.5742875645508949,0.8666666666666667,0.18863636363636366,0.8717948717948718,estimated
Llama-3.1-8B,146,memory,1,0,,,,,estimated
Llama-3.1-8B,147,traversal,11,1,0.5735508163401318,0.8006249928860091,0.2111859334081556,0.9107142857142857,estimated
Llama-3.1-8B,148,traversal,6,1,0.6624782270664713,0.8055235059205436,0.359241452991453,0.9615384615384616,estimated
Llama-3.1-8B,149,traversal,7,1,0.6802495890610454,0.8515624999999999,0.3827249649859944,0.9148936170212766,estimated
Llama-3.1-8B,150,traversal,7,1,0.7183991499856004,0.7588242652109635,0.5914738102466066,0.846153846153846,estimated
Llama-3.1-8B,151,traversal,6,1,0.6983228327706199,0.748984157490342,0.4873494906330289,0.9615384615384616,estimated
Llama-3.1-8B,152,memory,1,0,,,,,estimated
Llama-3.1-8B,153,traversal,8,1,0.6538456350323049,1.0,0.20535714285714285,1.0,estimated
Llama-3.1-8B,154,traversal,9,0,0.6553719407874214,0.9376096918876755,0.24214684349416002,1.0,estimated
Llama-3.1-8B,155,traversal,11,0,0.6375478141732079,0.8559749024137284,0.2685738410196614,0.976190476190476,estimated
Llama-3.1-8B,156,memory,1,0,,,,,estimated
Llama-3.1-8B,157,traversal,5,0,0.6855980986726259,0.7931034482758621,0.40153256704980844,1.0,estimated
Llama-3.1-8B,158,traversal,5,1,0.4283656024777373,0.22727272727272727,0.37316017316017314,1.0,estimated
Llama-3.1-8B,159,traversal,5,1,0.5880616716516087,0.625,0.32857142857142857,1.0,estimated
Llama-3.1-8B,160,traversal,10,1,0.6647522352771082,0.8770326994493336,0.36390151515151514,0.8433734939759037,estimated
Llama-3.1-8B,161,traversal,8,0,0.7741471844995669,0.9315018315018313,0.5015241106304456,0.9677419354838709,estimated
Llama-3.1-8B,162,traversal,7,1,0.5341905811597496,0.5833333333333334,0.2510822510822511,1.0,estimated
Llama-3.1-8B,163,memory,1,0,,,,,estimated
Llama-3.1-8B,164,traversal,6,1,0.6412776051956836,0.8571428571428571,0.26587301587301587,1.0,estimated
Llama-3.1-8B,165,memory,1,0,,,,,estimated
Llama-3.1-8B,166,memory,1,0,,,,,estimated
Llama-3.1-8B,167,traversal,8,1,0.534220894589881,0.5845098990545963,0.26586736284205975,0.9574468085106383,estimated
Llama-3.1-8B,168,traversal,7,1,0.700616002531464,0.8114722456787304,0.44392019338180094,0.9487179487179487,estimated
Llama-3.1-8B,169,traversal,7,1,0.6460542641950531,0.8648648648648648,0.2961092961092961,0.9318181818181818,estimated
Llama-3.1-8B,170,traversal,7,1,0.634246699173062,0.803030303030303,0.3192443919716647,0.923076923076923,estimated
Llama-3.1-8B,171,memory,1,0,,,,,estimated
Llama-3.1-8B,172,memory,1,1,,,,,estimated
Llama-3.1-8B,173,traversal,9,1,0.6189038713730727,0.7388430556985884,0.3577093667709039,0.8727272727272728,estimated
Llama-3.1-8B,174,memory,1,0,,,,,estimated
Llama-3.1-8B,175,traversal,5,1,0.543572049585233,0.5841479170272448,0.35300000000000004,0.8,estimated
Llama-3.1-8B,176,memory,1,1,,,,,estimated
Llama-3.1-8B,177,memory,1,0,,,,,estimated
Llama-3.1-8B,178,traversal,9,0,0.5862725726441751,0.78125,0.21458333333333335,1.0,estimated
Llama-3.1-8B,179,traversal,5,1,0.6174136752845653,0.7142857142857143,0.3190476190476191,1.0,estimated
Llama-3.1-8B,180,traversal,10,1,0.6571868513165687,0.863323911738995,0.3636679626890556,0.8313253012048194,estimated
Llama-3.1-8B,181,traversal,9,0,0.604116990655006,0.8461538461538461,0.20716320716320713,1.0,estimated
Llama-3.1-8B,182,memory,1,0,,,,,estimated
Llama-3.1-8B,183,traversal,3,0,0.4670667683681142,0.15789473684210525,0.615009746588694,1.0,estimated
Llama-3.1-8B,184,traversal,5,1,0.5269807843486494,0.45454545454545453,0.3472727272727273,1.0,estimated
Llama-3.1-8B,185,memory,1,0,,,,,estimated
Llama-3.1-8B,186,traversal,7,1,0.5994777295209069,0.7777777777777778,0.2400793650793651,1.0,estimated
Llama-3.1-8B,187,memory,1,0,,,,,estimated
Llama-3.1-8B,188,traversal,7,0,0.7005671396977752,0.8790906642566075,0.3869104579630896,0.9545454545454546,estimated
Llama-3.1-8B,189,traversal,9,0,0.5461308024271028,0.6451612903225806,0.2296296296296296,1.0,estimated
Llama-3.1-8B,190,traversal,6,1,0.688644959251104,0.6071381978877247,0.7031579332912599,0.8076923076923077,estimated
Llama-3.1-8B,191,traversal,6,1,0.5803877581303384,0.6666666666666666,0.2800925925925926,1.0,estimated
Llama-3.1-8B,192,memory,1,0,,,,,estimated
Llama-3.1-8B,193,traversal,8,1,0.6578089876530148,0.8347826086956522,0.33518198287220025,0.9444444444444444,estimated
Llama-3.1-8B,194,memory,1,0,,,,,estimated
Llama-3.1-8B,195,traversal,9,1,0.6342285804660142,0.857433676931528,0.3080798947969095,0.8591549295774648,estimated
Llama-3.1-8B,196,traversal,8,1,0.56878690983226,0.7272727272727273,0.21704545454545454,1.0,estimated
Llama-3.1-8B,197,traversal,7,0,0.7900384383165436,0.9347560975609757,0.5299165982182347,0.9787234042553192,estimated
Llama-3.1-8B,198,traversal,6,1,0.6838194440251192,1.0,0.2555555555555556,1.0,estimated
Llama-3.1-8B,199,traversal,8,1,0.5923446631836045,0.8,0.2138888888888889,1.0,estimated
Mistral-7B-v0.3,0,memory,1,0,,,,,estimated
Mistral-7B-v0.3,1,traversal,6,1,0.6412776051956836,0.8571428571428571,0.26587301587301587,1.0,estimated
Mistral-7B-v0.3,2,memory,1,0,,,,,estimated
Mistral-7B-v0.3,3,memory,1,0,,,,,estimated
Mistral-7B-v0.3,4,traversal,5,1,0.6370030527873014,0.8125,0.34249999999999997,0.8666666666666667,estimated
Mistral-7B-v0.3,5,traversal,4,0,0.5732718719225945,0.5,0.4107142857142857,1.0,estimated
Mistral-7B-v0.3,6,traversal,5,1,0.5547617369107374,0.38141935697025947,0.5734787417258015,0.8666666666666667,estimated
Mistral-7B-v0.3,7,memory,1,0,,,,,estimated
Mistral-7B-v0.3,8,memory,1,0,,,,,estimated
Mistral-7B-v0.3,9,traversal,6,0,0.5803877581303384,0.6666666666666666,0.2800925925925926,1.0,estimated
Mistral-7B-v0.3,10,memory,1,0,,,,,estimated
Mistral-7B-v0.3,11,traversal,4,1,0.30780675283659115,0.039215686274509796,0.4154411764705882,1.0,estimated
Mistral-7B-v0.3,12,traversal,7,0,0.5925855646638534,0.6971379012582342,0.29173146118611104,0.9743589743589745,estimated
Mistral-7B-v0.3,13,traversal,5,1,0.7030499987246199,1.0,0.29,1.0,estimated
Mistral-7B-v0.3,14,memory,1,0,,,,,estimated
Mistral-7B-v0.3,15,memory,1,0,,,,,estimated
Mistral-7B-v0.3,16,memory,1,0,,,,,estimated
Mistral-7B-v0.3,17,memory,1,0,,,,,estimated
Mistral-7B-v0.3,18,memory,1,0,,,,,estimated
Mistral-7B-v0.3,19,memory,1,0,,,,,estimated
Mistral-7B-v0.3,20,memory,1,0,,,,,estimated
Mistral-7B-v0.3,21,traversal,5,1,0.6712465901221096,0.7804878048780488,0.403209242618742,0.9500000000000001,estimated
Mistral-7B-v0.3,22,memory,1,0,,,,,estimated
Mistral-7B-v0.3,23,memory,1,0,,,,,estimated
Mistral-7B-v0.3,24,memory,1,0,,,,,estimated
Mistral-7B-v0.3,25,memory,1,0,,,,,estimated
Mistral-7B-v0.3,26,traversal,3,1,0.7374473901448638,0.7152998083043961,0.5970695970695971,1.0,estimated
Mistral-7B-v0.3,27,traversal,8,1,0.5672235442385122,0.6538461538461539,0.2636072261072261,1.0,estimated
Mistral-7B-v0.3,28,traversal,8,1,0.6538456350323049,1.0,0.20535714285714285,1.0,estimated
Mistral-7B-v0.3,29,memory,1,0,,,,,estimated
Mistral-7B-v0.3,30,traversal,5,1,0.6790571605461061,0.7878787878787878,0.39151515151515154,1.0,estimated
Mistral-7B-v0.3,31,memory,1,1,,,,,estimated
Mistral-7B-v0.3,32,memory,1,0,,,,,estimated
Mistral-7B-v0.3,33,memory,1,0,,,,,estimated
Mistral-7B-v0.3,34,memory,1,0,,,,,estimated
Mistral-7B-v0.3,35,traversal,5,0,0.5880616716516087,0.625,0.32857142857142857,1.0,estimated
Mistral-7B-v0.3,36,traversal,6,0,0.6693466372092419,0.8265143459728241,0.35504590137297914,0.967741935483871,estimated
Mistral-7B-v0.3,37,traversal,5,1,0.6544318058580619,0.8333333333333334,0.3066666666666667,1.0,estimated
Mistral-7B-v0.3,38,traversal,9,1,0.6116559138141632,0.9,0.19012345679012346,1.0,estimated
Mistral-7B-v0.3,39,memory,1,0,,,,,estimated
Mistral-7B-v0.3,40,memory,1,0,,,,,estimated
Mistral-7B-v0.3,41,traversal,5,1,0.7030499987246199,1.0,0.29,1.0,estimated
Mistral-7B-v0.3,42,memory,1,0,,,,,estimated
Mistral-7B-v0.3,44,memory,1,0,,,,,estimated
Mistral-7B-v0.3,45,memory,1,0,,,,,estimated
Mistral-7B-v0.3,46,memory,1,0,,,,,estimated
Mistral-7B-v0.3,47,traversal,6,1,0.6212308771077095,0.6929702134435545,0.41413315898441755,0.8461538461538463,estimated
Mistral-7B-v0.3,48,memory,1,0,,,,,estimated
Mistral-7B-v0.3,49,traversal,5,1,0.477781911531584,0.3333333333333333,0.36095238095238097,1.0,estimated
Mistral-7B-v0.3,50,memory,1,0,,,,,estimated
Mistral-7B-v0.3,51,memory,1,0,,,,,estimated
Mistral-7B-v0.3,52,traversal,3,0,0.7476171812331114,0.7166666666666666,0.7083333333333334,0.8571428571428572,estimated
Mistral-7B-v0.3,53,memory,1,0,,,,,estimated
Mistral-7B-v0.3,54,traversal,5,1,0.7030499987246199,1.0,0.29,1.0,estimated
Mistral-7B-v0.3,55,traversal,5,1,0.49934530304776015,0.38461538461538464,0.3551282051282051,1.0,estimated
Mistral-7B-v0.3,56,traversal,9,1,0.6123396501515842,0.9090909090909092,0.1966329966329966,0.967741935483871,estimated
Mistral-7B-v0.3,57,memory,1,0,,,,,estimated
Mistral-7B-v0.3,58,memory,1,0,,,,,estimated
Mistral-7B-v0.3,59,memory,1,0,,,,,estimated
Mistral-7B-v0.3,60,traversal,7,1,0.6676243246041037,1.0,0.22789115646258504,1.0,estimated
Mistral-7B-v0.3,61,traversal,7,1,0.6299977695322581,0.875,0.2346938775510204,1.0,estimated
Mistral-7B-v0.3,62,traversal,3,1,0.5379035228737238,0.3,0.5703703703703704,1.0,estimated
Mistral-7B-v0.3,63,traversal,3,0,0.7670503815269443,0.726109213124592,0.6629028265128194,1.0,estimated
Mistral-7B-v0.3,64,memory,1,0,,,,,estimated
Mistral-7B-v0.3,65,traversal,6,1,0.6838194440251192,1.0,0.2555555555555556,1.0,estimated
Mistral-7B-v0.3,66,traversal,5,0,0.7774006036834845,0.8640776699029126,0.5513280049687818,1.0,estimated
Mistral-7B-v0.3,67,memory,1,0,,,,,estimated
Mistral-7B-v0.3,68,traversal,7,1,0.6020803898962432,0.7444444444444444,0.3303751803751803,0.84375,estimated
Mistral-7B-v0.3,69,traversal,4,1,0.6699402553641818,0.8,0.3625,1.0,estimated
Mistral-7B-v0.3,70,traversal,4,1,0.521007641695879,0.36363636363636365,0.4340909090909091,1.0,estimated
Mistral-7B-v0.3,71,traversal,3,1,0.5684458481096544,0.375,0.5476190476190476,1.0,estimated
Mistral-7B-v0.3,72,traversal,6,1,0.6199106096658237,0.6116920378298054,0.48813975376475366,0.8461538461538463,estimated
Mistral-7B-v0.3,73,memory,1,0,,,,,estimated
Mistral-7B-v0.3,74,traversal,3,1,0.506121182921061,0.23076923076923078,0.5918803418803419,1.0,estimated
Mistral-7B-v0.3,75,traversal,3,1,0.4579780897072786,0.14285714285714285,0.6198412698412699,1.0,estimated
Mistral-7B-v0.3,76,traversal,3,0,0.6450760945333125,0.6,0.48333333333333334,1.0,estimated
Mistral-7B-v0.3,77,traversal,5,0,0.5880616716516087,0.625,0.32857142857142857,1.0,estimated
Mistral-7B-v0.3,78,memory,1,0,,,,,estimated
Mistral-7B-v0.3,79,memory,1,0,,,,,estimated
Mistral-7B-v0.3,80,traversal,5,1,0.5731493041728547,0.48074659653055035,0.4979735555586438,0.8666666666666667,estimated
Mistral-7B-v0.3,81,traversal,4,1,0.521007641695879,0.36363636363636365,0.4340909090909091,1.0,estimated
Mistral-7B-v0.3,82,memory,1,0,,,,,estimated
Mistral-7B-v0.3,83,traversal,4,0,0.6435802847386035,0.5834866316459723,0.4967807800116674,1.0,estimated
Mistral-7B-v0.3,84,memory,1,0,,,,,estimated
Mistral-7B-v0.3,86,traversal,5,1,0.5771923951877933,0.5397930783175673,0.4790322580645162,0.8,estimated
Mistral-7B-v0.3,87,memory,1,0,,,,,estimated
Mistral-7B-v0.3,88,memory,1,1,,,,,estimated
Mistral-7B-v0.3,89,memory,1,0,,,,,estimated
Mistral-7B-v0.3,90,memory,1,0,,,,,estimated
Mistral-7B-v0.3,91,memory,1,0,,,,,estimated
Mistral-7B-v0.3,92,memory,1,0,,,,,estimated
Mistral-7B-v0.3,93,memory,1,0,,,,,estimated
Mistral-7B-v0.3,94,traversal,8,1,0.5923446631836045,0.8,0.2138888888888889,1.0,estimated
Mistral-7B-v0.3,95,memory,1,1,,,,,estimated
Mistral-7B-v0.3,96,traversal,6,1,0.6838194440251192,1.0,0.2555555555555556,1.0,estimated
Mistral-7B-v0.3,97,memory,1,0,,,,,estimated
Mistral-7B-v0.3,98,traversal,4,1,0.49712814022942126,0.3076923076923077,0.4439102564102564,1.0,estimated
Mistral-7B-v0.3,99,traversal,6,1,0.3699642141792986,0.1875,0.2795138888888889,1.0,estimated
Mistral-7B-v0.3,100,traversal,6,1,0.6609409853060816,0.7860024409615946,0.37109152421652425,0.9615384615384615,estimated
Mistral-7B-v0.3,101,traversal,4,1,0.6293206822637133,0.6666666666666666,0.38333333333333336,1.0,estimated
Mistral-7B-v0.3,102,memory,1,0,,,,,estimated
Mistral-7B-v0.3,103,memory,1,0,,,,,estimated
Mistral-7B-v0.3,104,memory,1,0,,,,,estimated
Mistral-7B-v0.3,105,memory,1,0,,,,,estimated
Mistral-7B-v0.3,106,memory,1,0,,,,,estimated
Mistral-7B-v0.3,108,traversal,9,1,0.6419891972749879,1.0,0.1867283950617284,1.0,estimated
Mistral-7B-v0.3,109,memory,1,0,,,,,estimated
Mistral-7B-v0.3,110,memory,1,0,,,,,estimated
Mistral-7B-v0.3,111,traversal,7,1,0.5341905811597496,0.5833333333333334,0.2510822510822511,1.0,estimated
Mistral-7B-v0.3,112,memory,1,0,,,,,estimated
Mistral-7B-v0.3,114,memory,1,1,,,,,estimated
Mistral-7B-v0.3,115,memory,1,0,,,,,estimated
Mistral-7B-v0.3,116,memory,1,0,,,,,estimated
Mistral-7B-v0.3,117,traversal,6,0,0.5941137938806349,0.7389723955628997,0.2555555555555556,1.0,estimated
Mistral-7B-v0.3,118,traversal,6,1,0.6053978578417849,0.7091186624818868,0.3422587948450017,0.8947368421052633,estimated
Mistral-7B-v0.3,119,traversal,7,1,0.6676243246041037,1.0,0.22789115646258504,1.0,estimated
Mistral-7B-v0.3,120,memory,1,0,,,,,estimated
Mistral-7B-v0.3,121,memory,1,0,,,,,estimated
Mistral-7B-v0.3,122,traversal,7,1,0.6752664691812904,0.8849654309039281,0.3603030303030303,0.8863636363636364,estimated
Mistral-7B-v0.3,123,memory,1,0,,,,,estimated
Mistral-7B-v0.3,124,traversal,7,1,0.7001867980282854,0.8439987981965249,0.4284704605404314,0.923076923076923,estimated
Mistral-7B-v0.3,125,memory,1,0,,,,,estimated
Mistral-7B-v0.3,126,memory,1,0,,,,,estimated
Mistral-7B-v0.3,127,traversal,5,1,0.26840417925025445,6.915629322268325e-05,0.4246473029045643,1.0,estimated
Mistral-7B-v0.3,128,memory,1,0,,,,,estimated
Mistral-7B-v0.3,129,memory,1,1,,,,,estimated
Mistral-7B-v0.3,130,traversal,3,1,0.5153730856282375,0.25,0.5858585858585859,1.0,estimated
Mistral-7B-v0.3,131,memory,1,0,,,,,estimated
Mistral-7B-v0.3,132,memory,1,0,,,,,estimated
Mistral-7B-v0.3,133,memory,1,0,,,,,estimated
Mistral-7B-v0.3,134,memory,1,0,,,,,estimated
Mistral-7B-v0.3,135,memory,1,1,,,,,estimated
Mistral-7B-v0.3,136,traversal,8,0,0.5800644518016431,0.7,0.2556186868686869,1.0,estimated
Mistral-7B-v0.3,137,traversal,3,0,0.49049382755622134,0.2,0.6015873015873016,1.0,estimated
Mistral-7B-v0.3,138,memory,1,0,,,,,estimated
Mistral-7B-v0.3,139,memory,1,0,,,,,estimated
Mistral-7B-v0.3,140,traversal,4,1,0.49712814022942126,0.3076923076923077,0.4439102564102564,1.0,estimated
Mistral-7B-v0.3,141,memory,1,0,,,,,estimated
Mistral-7B-v0.3,142,traversal,6,1,0.6583370227691475,0.6797385620915032,0.456394818463784,0.9615384615384615,estimated
Mistral-7B-v0.3,143,memory,1,0,,,,,estimated
Mistral-7B-v0.3,144,memory,1,1,,,,,estimated
Mistral-7B-v0.3,145,memory,1,0,,,,,estimated
Mistral-7B-v0.3,146,memory,1,1,,,,,estimated
Mistral-7B-v0.3,147,memory,1,0,,,,,estimated
Mistral-7B-v0.3,148,traversal,7,1,0.6466996038977422,0.8173076923076923,0.3342948717948718,0.923076923076923,estimated
Mistral-7B-v0.3,149,memory,1,0,,,,,estimated
Mistral-7B-v0.3,150,memory,1,0,,,,,estimated
Mistral-7B-v0.3,151,memory,1,0,,,,,estimated
Mistral-7B-v0.3,152,memory,1,0,,,,,estimated
Mistral-7B-v0.3,153,memory,1,0,,,,,estimated
Mistral-7B-v0.3,154,memory,1,0,,,,,estimated
Mistral-7B-v0.3,155,memory,1,0,,,,,estimated
Mistral-7B-v0.3,156,traversal,5,0,0.7774999375638372,0.9225878507696265,0.5002685284640171,1.0,estimated
Mistral-7B-v0.3,157,memory,1,0,,,,,estimated
Mistral-7B-v0.3,158,memory,1,0,,,,,estimated
Mistral-7B-v0.3,159,memory,1,0,,,,,estimated
Mistral-7B-v0.3,160,memory,1,0,,,,,estimated
Mistral-7B-v0.3,161,memory,1,0,,,,,estimated
Mistral-7B-v0.3,162,memory,1,0,,,,,estimated
Mistral-7B-v0.3,163,memory,1,0,,,,,estimated
Mistral-7B-v0.3,164,traversal,5,0,0.6174136752845653,0.7142857142857143,0.3190476190476191,1.0,estimated
Mistral-7B-v0.3,165,traversal,4,0,0.5732718719225945,0.5,0.4107142857142857,1.0,estimated
Mistral-7B-v0.3,166,memory,1,1,,,,,estimated
Mistral-7B-v0.3,167,traversal,5,1,0.7244227892744541,0.9226464689641446,0.42446742824578604,0.9130434782608696,estimated
Mistral-7B-v0.3,168,memory,1,0,,,,,estimated
Mistral-7B-v0.3,169,memory,1,0,,,,,estimated
Mistral-7B-v0.3,170,traversal,3,0,0.757878586101821,0.7727272727272727,0.5904499540863177,1.0,estimated
Mistral-7B-v0.3,171,traversal,5,1,0.7030499987246199,1.0,0.29,1.0,estimated
Mistral-7B-v0.3,172,memory,1,1,,,,,estimated
Mistral-7B-v0.3,173,memory,1,0,,,,,estimated
Mistral-7B-v0.3,174,memory,1,0,,,,,estimated
Mistral-7B-v0.3,175,traversal,4,0,0.6602056940938721,0.6,0.52125,1.0,estimated
Mistral-7B-v0.3,176,memory,1,0,,,,,estimated
Mistral-7B-v0.3,177,memory,1,0,,,,,estimated
Mistral-7B-v0.3,178,memory,1,0,,,,,estimated
Mistral-7B-v0.3,179,memory,1,0,,,,,estimated
Mistral-7B-v0.3,180,memory,1,0,,,,,estimated
Mistral-7B-v0.3,181,traversal,3,0,0.6791184463982546,0.6153846153846154,0.553113553113553,1.0,estimated
Mistral-7B-v0.3,182,traversal,6,0,0.6327705024835876,0.8333333333333333,0.2654320987654321,1.0,estimated
Mistral-7B-v0.3,183,traversal,3,0,0.4670667683681142,0.15789473684210525,0.615009746588694,1.0,estimated
Mistral-7B-v0.3,184,memory,1,0,,,,,estimated
Mistral-7B-v0.3,185,traversal,5,0,0.5880616716516087,0.625,0.32857142857142857,1.0,estimated
Mistral-7B-v0.3,186,traversal,4,1,0.5528369981517068,0.4444444444444444,0.4201388888888889,1.0,estimated
Mistral-7B-v0.3,187,traversal,4,1,0.31902988532249665,6.93469253306981e-05,0.6165718202990008,1.0,estimated
Mistral-7B-v0.3,188,memory,1,0,,,,,estimated
Mistral-7B-v0.3,189,memory,1,1,,,,,estimated
Mistral-7B-v0.3,190,memory,1,0,,,,,estimated
Mistral-7B-v0.3,191,memory,1,0,,,,,estimated
Mistral-7B-v0.3,192,traversal,6,1,0.7042274796092798,0.7462387137835749,0.5040879061456717,0.9615384615384616,estimated
Mistral-7B-v0.3,193,traversal,4,1,0.690806889197811,0.7455045784662105,0.4538043478260869,1.0,estimated
Mistral-7B-v0.3,194,memory,1,0,,,,,estimated
Mistral-7B-v0.3,195,memory,1,0,,,,,estimated
Mistral-7B-v0.3,196,memory,1,0,,,,,estimated
Mistral-7B-v0.3,197,memory,1,0,,,,,estimated
Mistral-7B-v0.3,198,traversal,5,1,0.6544318058580619,0.8333333333333334,0.3066666666666667,1.0,estimated
Mistral-7B-v0.3,199,memory,1,0,,,,,estimated
Qwen-2.5-14B,0,memory,1,0,,,,,estimated
Qwen-2.5-14B,1,memory,1,1,,,,,estimated
Qwen-2.5-14B,2,memory,1,0,,,,,estimated
Qwen-2.5-14B,3,traversal,5,1,0.4879473373527564,0.35714285714285715,0.35824175824175825,1.0,estimated
Qwen-2.5-14B,4,traversal,8,1,0.6440009904119509,1.0,0.2140625,0.9259259259259259,estimated
Qwen-2.5-14B,5,traversal,6,1,0.6077044435606993,0.75,0.2738095238095238,1.0,estimated
Qwen-2.5-14B,6,traversal,5,1,0.6813271030027461,0.7088346844589991,0.5734787417258015,0.8,estimated
Qwen-2.5-14B,7,traversal,5,1,0.7030499987246199,1.0,0.29,1.0,estimated
Qwen-2.5-14B,8,memory,1,0,,,,,estimated
Qwen-2.5-14B,9,memory,1,0,,,,,estimated
Qwen-2.5-14B,10,traversal,5,1,0.6904878203526837,0.8250925091821263,0.4094087441253854,0.95,estimated
Qwen-2.5-14B,11,traversal,3,0,0.7746762122837977,0.696078431372549,0.7173202614379085,1.0,estimated
Qwen-2.5-14B,12,memory,1,0,,,,,estimated
Qwen-2.5-14B,13,memory,1,0,,,,,estimated
Qwen-2.5-14B,14,traversal,8,1,0.6036627250690993,0.6495586102724507,0.38830783624638665,0.8947368421052632,estimated
Qwen-2.5-14B,15,traversal,6,1,0.7950877116905798,0.9334142722244705,0.5317469787212828,1.0,estimated
Qwen-2.5-14B,16,memory,1,0,,,,,estimated
Qwen-2.5-14B,17,traversal,5,1,0.7030499987246199,1.0,0.29,1.0,estimated
Qwen-2.5-14B,18,traversal,6,1,0.5383205236145169,0.5454545454545454,0.28939393939393937,1.0,estimated
Qwen-2.5-14B,19,memory,1,0,,,,,estimated
Qwen-2.5-14B,20,memory,1,0,,,,,estimated
Qwen-2.5-14B,21,traversal,7,1,0.6204985165538258,0.7824405251577393,0.28800660187053,0.96875,estimated
Qwen-2.5-14B,22,memory,1,0,,,,,estimated
Qwen-2.5-14B,23,memory,1,0,,,,,estimated
Qwen-2.5-14B,24,memory,1,0,,,,,estimated
Qwen-2.5-14B,25,traversal,6,1,0.6329599598477645,0.6926406926406926,0.38632435775292917,0.9615384615384615,estimated
Qwen-2.5-14B,26,memory,1,0,,,,,estimated
Qwen-2.5-14B,27,traversal,6,1,0.5948803120770806,0.6153846153846154,0.35147630147630143,1.0,estimated
Qwen-2.5-14B,28,traversal,7,1,0.6299977695322581,0.875,0.2346938775510204,1.0,estimated
Qwen-2.5-14B,29,traversal,6,1,0.41699363720871796,0.25,0.31280193236714976,1.0,estimated
Qwen-2.5-14B,30,memory,1,0,,,,,estimated
Qwen-2.5-14B,31,traversal,3,1,0.41475158366839476,0.125,0.5208333333333334,1.0,estimated
Qwen-2.5-14B,32,traversal,5,1,0.7068340852491145,0.8755803156917363,0.42272729782924195,0.9130434782608696,estimated
Qwen-2.5-14B,33,memory,1,0,,,,,estimated
Qwen-2.5-14B,34,memory,1,0,,,,,estimated
Qwen-2.5-14B,35,traversal,5,1,0.5880616716516087,0.625,0.32857142857142857,1.0,estimated
Qwen-2.5-14B,36,memory,1,0,,,,,estimated
Qwen-2.5-14B,37,memory,1,0,,,,,estimated
Qwen-2.5-14B,38,traversal,10,1,0.6316744947419725,1.0,0.17111111111111113,1.0,estimated
Qwen-2.5-14B,39,memory,1,0,,,,,estimated
Qwen-2.5-14B,40,traversal,3,0,0.8016702127119942,0.8805970149253731,0.5951014159969384,1.0,estimated
Qwen-2.5-14B,41,traversal,5,1,0.7030499987246199,1.0,0.29,1.0,estimated
Qwen-2.5-14B,42,memory,1,0,,,,,estimated
Qwen-2.5-14B,44,traversal,5,1,0.7030499987246199,1.0,0.29,1.0,estimated
Qwen-2.5-14B,45,memory,1,1,,,,,estimated
Qwen-2.5-14B,46,memory,1,0,,,,,estimated
Qwen-2.5-14B,47,memory,1,0,,,,,estimated
Qwen-2.5-14B,48,memory,1,0,,,,,estimated
Qwen-2.5-14B,49,memory,1,0,,,,,estimated
Qwen-2.5-14B,50,memory,1,0,,,,,estimated
Qwen-2.5-14B,51,memory,1,0,,,,,estimated
Qwen-2.5-14B,52,traversal,11,0,0.6036583345820162,0.85,0.2100649350649351,0.9821428571428572,estimated
Qwen-2.5-14B,53,memory,1,1,,,,,estimated
Qwen-2.5-14B,54,memory,1,0,,,,,estimated
Qwen-2.5-14B,55,traversal,7,1,0.5181079277877053,0.5384615384615384,0.25366300366300365,1.0,estimated
Qwen-2.5-14B,56,memory,1,0,,,,,estimated
Qwen-2.5-14B,57,memory,1,0,,,,,estimated
Qwen-2.5-14B,58,traversal,8,1,0.5821867354529479,0.6302333287495282,0.356533020173693,0.894736842105263,estimated
Qwen-2.5-14B,59,memory,1,0,,,,,estimated
Qwen-2.5-14B,60,traversal,4,1,0.5981496717529754,0.5714285714285714,0.39880952380952384,1.0,estimated
Qwen-2.5-14B,61,traversal,6,1,0.6077044435606993,0.75,0.2738095238095238,1.0,estimated
Qwen-2.5-14B,62,traversal,6,1,0.5576329218237137,0.6,0.2851851851851852,1.0,estimated
Qwen-2.5-14B,63,traversal,7,1,0.569998197576749,0.500219871213634,0.4632699094404345,0.875,estimated
Qwen-2.5-14B,64,memory,1,0,,,,,estimated
Qwen-2.5-14B,65,memory,1,1,,,,,estimated
Qwen-2.5-14B,66,traversal,8,1,0.6406309104805392,0.7894354954835191,0.3277414108724789,0.9574468085106382,estimated
Qwen-2.5-14B,67,traversal,11,1,0.5497736351947439,0.7115516386438676,0.21728146207081905,0.9285714285714286,estimated
Qwen-2.5-14B,68,memory,1,0,,,,,estimated
Qwen-2.5-14B,69,traversal,5,1,0.7030499987246199,1.0,0.29,1.0,estimated
Qwen-2.5-14B,70,memory,1,0,,,,,estimated
Qwen-2.5-14B,71,memory,1,0,,,,,estimated
Qwen-2.5-14B,72,memory,1,0,,,,,estimated
Qwen-2.5-14B,73,traversal,5,1,0.6143419458561377,0.7091479170272448,0.3166666666666667,1.0,estimated
Qwen-2.5-14B,74,traversal,8,1,0.5309719411484539,0.6153846153846154,0.2219551282051282,1.0,estimated
Qwen-2.5-14B,75,traversal,4,0,0.4398500753000597,0.19047619047619047,0.4648809523809524,1.0,estimated
Qwen-2.5-14B,76,traversal,4,1,0.6699402553641818,0.8,0.3625,1.0,estimated
Qwen-2.5-14B,77,memory,1,0,,,,,estimated
Qwen-2.5-14B,78,memory,1,1,,,,,estimated
Qwen-2.5-14B,79,traversal,3,1,0.613190537409625,0.5,0.5111111111111112,1.0,estimated
Qwen-2.5-14B,80,traversal,8,0,0.5009717436036447,0.5362547197703202,0.27011225129164845,0.868421052631579,estimated
Qwen-2.5-14B,81,memory,1,0,,,,,estimated
Qwen-2.5-14B,82,memory,1,0,,,,,estimated
Qwen-2.5-14B,83,traversal,6,1,0.6398042347672057,0.6484602618601333,0.4752849276475861,0.8947368421052632,estimated
Qwen-2.5-14B,84,traversal,4,0,0.7329370449744868,0.8026315789473684,0.5010964912280702,1.0,estimated
Qwen-2.5-14B,86,memory,1,0,,,,,estimated
Qwen-2.5-14B,87,memory,1,0,,,,,estimated
Qwen-2.5-14B,88,traversal,6,1,0.5576329218237137,0.6,0.2851851851851852,1.0,estimated
Qwen-2.5-14B,89,memory,1,0,,,,,estimated
Qwen-2.5-14B,90,memory,1,0,,,,,estimated
Qwen-2.5-14B,91,memory,1,0,,,,,estimated
Qwen-2.5-14B,92,memory,1,0,,,,,estimated
Qwen-2.5-14B,93,memory,1,0,,,,,estimated
Qwen-2.5-14B,94,traversal,9,1,0.6116559138141632,0.9,0.19012345679012346,1.0,estimated
Qwen-2.5-14B,95,traversal,10,1,0.6235570329534625,0.8512820512820514,0.252051282051282,0.9594594594594594,estimated
Qwen-2.5-14B,96,memory,1,1,,,,,estimated
Qwen-2.5-14B,97,traversal,7,1,0.6676243246041037,1.0,0.22789115646258504,1.0,estimated
Qwen-2.5-14B,98,memory,1,0,,,,,estimated
Qwen-2.5-14B,99,traversal,6,1,0.563202669035608,0.5931390622295665,0.34618055555555555,0.8947368421052632,estimated
Qwen-2.5-14B,100,memory,1,0,,,,,estimated
Qwen-2.5-14B,101,traversal,6,1,0.6838194440251192,1.0,0.2555555555555556,1.0,estimated
Qwen-2.5-14B,102,memory,1,0,,,,,estimated
Qwen-2.5-14B,103,traversal,6,1,0.6400574013128341,0.735632183908046,0.3662486938349007,0.9615384615384615,estimated
Qwen-2.5-14B,104,memory,1,0,,,,,estimated
Qwen-2.5-14B,105,traversal,6,1,0.6077044435606993,0.75,0.2738095238095238,1.0,estimated
Qwen-2.5-14B,106,traversal,6,1,0.5576329218237137,0.6,0.2851851851851852,1.0,estimated
Qwen-2.5-14B,108,traversal,6,1,0.5803877581303384,0.6666666666666666,0.2800925925925926,1.0,estimated
Qwen-2.5-14B,109,memory,1,0,,,,,estimated
Qwen-2.5-14B,110,memory,1,0,,,,,estimated
Qwen-2.5-14B,111,traversal,5,1,0.5122399252274895,0.4166666666666667,0.3515151515151515,1.0,estimated
Qwen-2.5-14B,112,memory,1,0,,,,,estimated
Qwen-2.5-14B,114,traversal,7,1,0.5975727570564756,0.7530864197530863,0.28825604315800396,0.90625,estimated
Qwen-2.5-14B,115,memory,1,0,,,,,estimated
Qwen-2.5-14B,116,traversal,3,1,0.4903110223011469,0.25,0.5111111111111112,1.0,estimated
Qwen-2.5-14B,117,memory,1,0,,,,,estimated
Qwen-2.5-14B,118,traversal,7,0,0.6134590827327154,0.7471264367816092,0.32489177489177484,0.90625,estimated
Qwen-2.5-14B,119,traversal,7,1,0.6676243246041037,1.0,0.22789115646258504,1.0,estimated
Qwen-2.5-14B,120,memory,1,0,,,,,estimated
Qwen-2.5-14B,121,traversal,3,1,0.506121182921061,0.23076923076923078,0.5918803418803419,1.0,estimated
Qwen-2.5-14B,122,traversal,5,0,0.7493614366426659,0.8939393939393939,0.5044242424242424,0.9130434782608695,estimated
Qwen-2.5-14B,123,memory,1,0,,,,,estimated
Qwen-2.5-14B,124,traversal,8,0,0.6753381776457628,0.8521350682866905,0.3529104823747681,0.9574468085106382,estimated
Qwen-2.5-14B,125,traversal,8,1,0.6538456350323049,1.0,0.20535714285714285,1.0,estimated
Qwen-2.5-14B,126,memory,1,1,,,,,estimated
Qwen-2.5-14B,127,memory,1,0,,,,,estimated
Qwen-2.5-14B,128,traversal,8,1,0.45919273987558723,0.42105263157894735,0.23062865497076024,1.0,estimated
Qwen-2.5-14B,129,memory,1,0,,,,,estimated
Qwen-2.5-14B,130,traversal,6,1,0.5216783038847626,0.5,0.29292929292929293,1.0,estimated
Qwen-2.5-14B,131,memory,1,0,,,,,estimated
Qwen-2.5-14B,132,memory,1,0,,,,,estimated
Qwen-2.5-14B,133,memory,1,0,,,,,estimated
Qwen-2.5-14B,134,traversal,6,0,0.5216783038847626,0.5,0.29292929292929293,1.0,estimated
Qwen-2.5-14B,135,memory,1,0,,,,,estimated
Qwen-2.5-14B,136,traversal,8,1,0.5379475096344726,0.6701429793353155,0.2654671717171717,0.8148148148148149,estimated
Qwen-2.5-14B,137,traversal,4,1,0.4783888651927946,0.26666666666666666,0.4511904761904762,1.0,estimated
Qwen-2.5-14B,138,memory,1,0,,,,,estimated
Qwen-2.5-14B,139,memory,1,0,,,,,estimated
Qwen-2.5-14B,140,memory,1,0,,,,,estimated
Qwen-2.5-14B,141,memory,1,0,,,,,estimated
Qwen-2.5-14B,142,memory,1,0,,,,,estimated
Qwen-2.5-14B,143,traversal,5,1,0.6090654448132109,0.65625,0.3477272727272728,1.0,estimated
Qwen-2.5-14B,144,traversal,6,1,0.669468330605733,0.6615370663807221,0.61110502443976,0.7692307692307692,estimated
Qwen-2.5-14B,145,traversal,4,1,0.3868633215091496,0.13333333333333333,0.4166666666666667,1.0,estimated
Qwen-2.5-14B,146,traversal,5,1,0.6569677321913406,0.75,0.4204761904761905,0.8999999999999999,estimated
Qwen-2.5-14B,147,traversal,8,1,0.5887638083782043,0.7654320987654321,0.27752057613168724,0.868421052631579,estimated
Qwen-2.5-14B,148,traversal,9,0,0.5976377272771237,0.786077376033427,0.239494301994302,0.9772727272727272,estimated
Qwen-2.5-14B,149,traversal,6,1,0.6842100272653208,0.8489583333333333,0.39876940359477125,0.9032258064516129,estimated
Qwen-2.5-14B,150,traversal,9,1,0.6928986333985165,0.7801024885589348,0.47313188270857814,0.9090909090909091,estimated
Qwen-2.5-14B,151,traversal,5,0,0.6766639214302315,0.7509607993850884,0.4168136212411479,1.0,estimated
Qwen-2.5-14B,152,traversal,4,1,0.6250131530612338,0.5909090909090909,0.5390151515151516,0.8181818181818181,estimated
Qwen-2.5-14B,153,memory,1,0,,,,,estimated
Qwen-2.5-14B,154,traversal,10,1,0.6608174568974226,0.9231312458779563,0.31792618497410746,0.8555555555555555,estimated
Qwen-2.5-14B,155,memory,1,0,,,,,estimated
Qwen-2.5-14B,156,memory,1,0,,,,,estimated
Qwen-2.5-14B,157,traversal,7,1,0.6293777601989939,0.8103448275862069,0.314958167174916,0.8974358974358975,estimated
Qwen-2.5-14B,158,memory,1,0,,,,,estimated
Qwen-2.5-14B,159,memory,1,1,,,,,estimated
Qwen-2.5-14B,160,memory,1,1,,,,,estimated
Qwen-2.5-14B,161,memory,1,0,,,,,estimated
Qwen-2.5-14B,162,traversal,6,0,0.5216783038847626,0.5,0.29292929292929293,1.0,estimated
Qwen-2.5-14B,163,traversal,6,1,0.6387760062687183,0.7092198581560283,0.3852106800166875,0.9615384615384615,estimated
Qwen-2.5-14B,164,traversal,3,0,0.588418909566282,0.42857142857142855,0.5317460317460317,1.0,estimated
Qwen-2.5-14B,165,memory,1,0,,,,,estimated
Qwen-2.5-14B,166,traversal,6,0,0.6089979775339117,0.6619204871035231,0.3944351568062909,0.8846153846153846,estimated
Qwen-2.5-14B,167,traversal,4,1,0.7524914202122167,0.8631406392536044,0.5305463946067471,0.9285714285714286,estimated
Qwen-2.5-14B,168,traversal,3,1,0.7487891779774619,0.7153107019955876,0.6264581463914883,1.0,estimated
Qwen-2.5-14B,169,memory,1,0,,,,,estimated
Qwen-2.5-14B,170,traversal,4,1,0.7272164096440245,0.7803030303030303,0.5455922865013774,0.9285714285714286,estimated
Qwen-2.5-14B,171,traversal,4,1,0.6699402553641818,0.8,0.3625,1.0,estimated
Qwen-2.5-14B,172,memory,1,0,,,,,estimated
Qwen-2.5-14B,173,memory,1,1,,,,,estimated
Qwen-2.5-14B,174,traversal,9,1,0.5957420463564979,0.8,0.2197530864197531,1.0,estimated
Qwen-2.5-14B,175,traversal,8,1,0.5683752806736313,0.7,0.260625,0.9259259259259259,estimated
Qwen-2.5-14B,176,memory,1,1,,,,,estimated
Qwen-2.5-14B,177,traversal,3,1,0.5153730856282375,0.25,0.5858585858585859,1.0,estimated
Qwen-2.5-14B,178,traversal,3,0,0.6791436189207398,0.59375,0.5770833333333334,1.0,estimated
Qwen-2.5-14B,179,traversal,6,1,0.6412776051956836,0.8571428571428571,0.26587301587301587,1.0,estimated
Qwen-2.5-14B,180,traversal,6,1,0.595451433588778,0.6076224575002483,0.4725184664313003,0.7692307692307693,estimated
Qwen-2.5-14B,181,memory,1,1,,,,,estimated
Qwen-2.5-14B,182,memory,1,0,,,,,estimated
Qwen-2.5-14B,183,memory,1,1,,,,,estimated
Qwen-2.5-14B,184,memory,1,0,,,,,estimated
Qwen-2.5-14B,185,traversal,4,1,0.5732718719225945,0.5,0.4107142857142857,1.0,estimated
Qwen-2.5-14B,186,memory,1,0,,,,,estimated
Qwen-2.5-14B,187,memory,1,0,,,,,estimated
Qwen-2.5-14B,188,traversal,6,1,0.635123692768872,0.7263193706721361,0.3983918128654971,0.8846153846153846,estimated
Qwen-2.5-14B,189,memory,1,0,,,,,estimated
Qwen-2.5-14B,190,memory,1,0,,,,,estimated
Qwen-2.5-14B,191,memory,1,0,,,,,estimated
Qwen-2.5-14B,192,memory,1,0,,,,,estimated
Qwen-2.5-14B,193,traversal,8,1,0.6536070268015688,0.8347826086956522,0.3212327075098814,0.9574468085106383,estimated
Qwen-2.5-14B,194,traversal,5,1,0.6174136752845653,0.7142857142857143,0.3190476190476191,1.0,estimated
Qwen-2.5-14B,195,memory,1,0,,,,,estimated
Qwen-2.5-14B,196,memory,1,0,,,,,estimated
Qwen-2.5-14B,197,memory,1,0,,,,,estimated
Qwen-2.5-14B,198,traversal,3,0,0.613190537409625,0.5,0.5111111111111112,1.0,estimated
Qwen-2.5-14B,199,memory,1,0,,,,,estimated
GPT-4o-mini,0,traversal,5,1,0.7030499987246199,1.0,0.29,1.0,estimated
GPT-4o-mini,1,traversal,6,1,0.6412776051956836,0.8571428571428571,0.26587301587301587,1.0,estimated
GPT-4o-mini,2,traversal,8,1,0.5405019562115293,0.6059342560918347,0.27415293040293043,0.9259259259259259,estimated
GPT-4o-mini,3,traversal,11,1,0.5562145204451662,0.7857142857142857,0.16283716283716285,1.0,estimated
GPT-4o-mini,4,memory,1,1,,,,,estimated
GPT-4o-mini,5,traversal,8,1,0.6538456350323049,1.0,0.20535714285714285,1.0,estimated
GPT-4o-mini,6,traversal,6,0,0.6499456849507392,0.816134613998173,0.33650068008330014,0.935483870967742,estimated
GPT-4o-mini,7,traversal,4,1,0.6699402553641818,0.8,0.3625,1.0,estimated
GPT-4o-mini,8,traversal,6,1,0.5576329218237137,0.6,0.2851851851851852,1.0,estimated
GPT-4o-mini,9,traversal,7,1,0.5994777295209069,0.7777777777777778,0.2400793650793651,1.0,estimated
GPT-4o-mini,10,traversal,8,1,0.3765912160914725,0.22241941031659013,0.2500709572974668,1.0,estimated
GPT-4o-mini,11,traversal,7,1,0.6280213440900743,0.7352941176470588,0.3795518207282913,0.875,estimated
GPT-4o-mini,12,traversal,8,1,0.5392005721612493,0.5443567507327606,0.3591943986755338,0.8421052631578947,estimated
GPT-4o-mini,13,traversal,5,1,0.7030499987246199,1.0,0.29,1.0,estimated
GPT-4o-mini,14,memory,1,1,,,,,estimated
GPT-4o-mini,15,traversal,10,1,0.6998436069132699,0.8709595888873757,0.3983873690511629,0.9397590361445782,estimated
GPT-4o-mini,16,traversal,6,1,0.5576329218237137,0.6,0.2851851851851852,1.0,estimated
GPT-4o-mini,17,memory,1,0,,,,,estimated
GPT-4o-mini,18,traversal,5,1,0.5269807843486494,0.45454545454545453,0.3472727272727273,1.0,estimated
GPT-4o-mini,19,memory,1,0,,,,,estimated
GPT-4o-mini,20,traversal,6,1,0.5576329218237137,0.6,0.2851851851851852,1.0,estimated
GPT-4o-mini,21,traversal,14,1,0.5655160640668242,0.8353658536585366,0.17681398618497463,0.9157894736842105,estimated
GPT-4o-mini,22,traversal,4,1,0.521007641695879,0.36363636363636365,0.4340909090909091,1.0,estimated
GPT-4o-mini,23,traversal,7,1,0.6791078909377578,0.7577510243617016,0.4534760775551935,0.923076923076923,estimated
GPT-4o-mini,24,traversal,11,1,0.5240289107932659,0.6875,0.16515151515151516,1.0,estimated
GPT-4o-mini,25,traversal,9,1,0.5593976426611584,0.6436687406971376,0.2641086693034745,0.9772727272727273,estimated
GPT-4o-mini,26,traversal,6,1,0.7468436551223085,0.8892207293274935,0.5078056017194049,0.903225806451613,estimated
GPT-4o-mini,27,traversal,9,1,0.5588867848387645,0.6730769230769231,0.2343175343175343,1.0,estimated
GPT-4o-mini,28,traversal,8,1,0.6538456350323049,1.0,0.20535714285714285,1.0,estimated
GPT-4o-mini,29,traversal,7,1,0.4189382407928924,0.2916666666666667,0.2681159420289855,1.0,estimated
GPT-4o-mini,30,traversal,15,1,0.5632422009923911,0.8636363636363636,0.1353535353535354,1.0,estimated
GPT-4o-mini,31,traversal,6,1,0.6154520521181335,0.75,0.3318452380952381,0.8947368421052632,estimated
GPT-4o-mini,32,memory,1,1,,,,,estimated
GPT-4o-mini,33,traversal,11,1,0.5829597768636458,0.8235294117647058,0.18495883201765553,1.0,estimated
GPT-4o-mini,34,traversal,7,0,0.6925639904215005,0.9167757825165233,0.3416824445459564,0.9574468085106382,estimated
GPT-4o-mini,35,memory,1,0,,,,,estimated
GPT-4o-mini,36,traversal,5,1,0.7211518292798553,0.835016835016835,0.44580255639504973,1.0,estimated
GPT-4o-mini,37,traversal,4,1,0.6293206822637133,0.6666666666666666,0.38333333333333336,1.0,estimated
GPT-4o-mini,38,memory,1,0,,,,,estimated
GPT-4o-mini,39,memory,1,0,,,,,estimated
GPT-4o-mini,40,traversal,10,0,0.6699320670047704,0.8810074570327087,0.3287969493193374,0.9397590361445782,estimated
GPT-4o-mini,41,traversal,5,1,0.7030499987246199,1.0,0.29,1.0,estimated
GPT-4o-mini,42,traversal,8,1,0.6573253579696438,0.8723150340196292,0.32333837792608255,0.9074074074074074,estimated
GPT-4o-mini,44,traversal,4,1,0.6699402553641818,0.8,0.3625,1.0,estimated
GPT-4o-mini,45,memory,1,0,,,,,estimated
GPT-4o-mini,46,traversal,8,1,0.5814042212510571,0.5504922610978897,0.42899386448928367,0.8947368421052633,estimated
GPT-4o-mini,47,traversal,4,1,0.29311672514085385,0.021739130434782608,0.4409937888198757,1.0,estimated
GPT-4o-mini,48,traversal,8,1,0.5336679904860766,0.6824967444969768,0.28082010582010586,0.736842105263158,estimated
GPT-4o-mini,49,traversal,11,1,0.5392092090182905,0.7333333333333333,0.16406926406926406,1.0,estimated
GPT-4o-mini,50,traversal,4,1,0.39225356914152953,0.14285714285714285,0.41369047619047616,1.0,estimated
GPT-4o-mini,51,memory,1,0,,,,,estimated
GPT-4o-mini,52,traversal,10,1,0.5647756581941,0.7522314031745689,0.2138095238095238,0.942857142857143,estimated
GPT-4o-mini,53,memory,1,0,,,,,estimated
GPT-4o-mini,54,traversal,3,1,0.6450760945333125,0.6,0.48333333333333334,1.0,estimated
GPT-4o-mini,55,memory,1,1,,,,,estimated
GPT-4o-mini,56,memory,1,0,,,,,estimated
GPT-4o-mini,57,traversal,6,1,0.6412776051956836,0.8571428571428571,0.26587301587301587,1.0,estimated
GPT-4o-mini,58,traversal,6,1,0.46739642346317295,0.30974119234129033,0.4659644158036911,0.7894736842105263,estimated
GPT-4o-mini,59,memory,1,0,,,,,estimated
GPT-4o-mini,60,memory,1,0,,,,,estimated
GPT-4o-mini,61,traversal,8,1,0.6538456350323049,1.0,0.20535714285714285,1.0,estimated
GPT-4o-mini,62,traversal,5,1,0.5440417836750212,0.5,0.34222222222222226,1.0,estimated
GPT-4o-mini,63,traversal,10,1,0.6753051513683859,0.8558530060124492,0.408787142289275,0.8313253012048192,estimated
GPT-4o-mini,64,traversal,6,1,0.7170689433103795,0.8260869565217391,0.4758669772256728,0.935483870967742,estimated
GPT-4o-mini,65,traversal,6,1,0.6838194440251192,1.0,0.2555555555555556,1.0,estimated
GPT-4o-mini,66,traversal,6,1,0.7192300989548354,0.8654646324549237,0.45944000414065145,0.9117647058823528,estimated
GPT-4o-mini,67,traversal,8,1,0.6144908853192794,0.7623089525344773,0.2884146341463415,0.9736842105263157,estimated
GPT-4o-mini,68,traversal,4,1,0.6301431018653159,0.6243881309601951,0.5167929292929292,0.8181818181818181,estimated
GPT-4o-mini,69,traversal,5,1,0.7030499987246199,1.0,0.29,1.0,estimated
GPT-4o-mini,70,memory,1,0,,,,,estimated
GPT-4o-mini,71,traversal,8,1,0.6538456350323049,1.0,0.20535714285714285,1.0,estimated
GPT-4o-mini,72,traversal,9,1,0.5987685801322135,0.7512614512781928,0.3380366787918871,0.8,estimated
GPT-4o-mini,73,traversal,10,1,0.6320478439022834,1.0,0.1716666666666667,1.0,estimated
GPT-4o-mini,74,memory,1,0,,,,,estimated
GPT-4o-mini,75,memory,1,0,,,,,estimated
GPT-4o-mini,76,traversal,5,1,0.7030499987246199,1.0,0.29,1.0,estimated
GPT-4o-mini,77,traversal,8,1,0.6538456350323049,1.0,0.20535714285714285,1.0,estimated
GPT-4o-mini,78,traversal,8,1,0.6538456350323049,1.0,0.20535714285714285,1.0,estimated
GPT-4o-mini,79,memory,1,0,,,,,estimated
GPT-4o-mini,80,memory,1,0,,,,,estimated
GPT-4o-mini,81,memory,1,1,,,,,estimated
GPT-4o-mini,82,traversal,3,1,0.7530801485184534,0.7359679703702328,0.6157657657657657,1.0,estimated
GPT-4o-mini,83,memory,1,0,,,,,estimated
GPT-4o-mini,84,memory,1,0,,,,,estimated
GPT-4o-mini,86,memory,1,0,,,,,estimated
GPT-4o-mini,87,memory,1,0,,,,,estimated
GPT-4o-mini,88,traversal,4,1,0.5356757699574611,0.4,0.4277777777777778,1.0,estimated
GPT-4o-mini,89,traversal,8,1,0.5379388731704742,0.5113636363636364,0.3492532199746734,0.9259259259259259,estimated
GPT-4o-mini,90,traversal,3,1,0.5518995592166313,0.3333333333333333,0.5601851851851852,1.0,estimated
GPT-4o-mini,91,traversal,7,1,0.46227794640179865,0.30635883333803676,0.41468183692956523,0.8695652173913044,estimated
GPT-4o-mini,92,traversal,9,1,0.5669133423286199,0.6876238419272143,0.3107604465006977,0.8181818181818181,estimated
GPT-4o-mini,93,traversal,7,1,0.47785290073266323,0.42177592953462917,0.34061771561771564,0.8260869565217391,estimated
GPT-4o-mini,94,traversal,6,1,0.5576329218237137,0.6,0.2851851851851852,1.0,estimated
GPT-4o-mini,95,memory,1,1,,,,,estimated
GPT-4o-mini,96,memory,1,0,,,,,estimated
GPT-4o-mini,97,traversal,4,1,0.5981496717529754,0.5714285714285714,0.39880952380952384,1.0,estimated
GPT-4o-mini,98,memory,1,1,,,,,estimated
GPT-4o-mini,99,traversal,12,1,0.5835385970756899,0.875,0.17309027777777777,0.9534883720930233,estimated
GPT-4o-mini,100,memory,1,0,,,,,estimated
GPT-4o-mini,101,traversal,6,1,0.6838194440251192,1.0,0.2555555555555556,1.0,estimated
GPT-4o-mini,102,traversal,6,1,0.23797969472400413,0.012269938650306747,0.3057259713701432,1.0,estimated
GPT-4o-mini,103,traversal,3,1,0.7307122984211084,0.7011494252873562,0.5945663531870428,1.0,estimated
GPT-4o-mini,104,traversal,11,1,0.6226105384859137,1.0,0.1578512396694215,1.0,estimated
GPT-4o-mini,105,memory,1,1,,,,,estimated
GPT-4o-mini,106,traversal,7,1,0.574122386129957,0.7,0.24444444444444446,1.0,estimated
GPT-4o-mini,108,traversal,6,0,0.5803877581303384,0.6666666666666666,0.2800925925925926,1.0,estimated
GPT-4o-mini,109,memory,1,0,,,,,estimated
GPT-4o-mini,110,memory,1,1,,,,,estimated
GPT-4o-mini,111,traversal,9,1,0.5641201951223179,0.75,0.19528619528619529,1.0,estimated
GPT-4o-mini,112,traversal,9,1,0.5450992414577285,0.6046511627906976,0.28080930908108287,0.935483870967742,estimated
GPT-4o-mini,114,traversal,7,1,0.5689002309928307,0.6738302534115682,0.28825604315800396,0.90625,estimated
GPT-4o-mini,115,memory,1,0,,,,,estimated
GPT-4o-mini,116,memory,1,0,,,,,estimated
GPT-4o-mini,117,memory,1,0,,,,,estimated
GPT-4o-mini,118,traversal,9,1,0.5811504218572059,0.7701149425287356,0.25269360269360264,0.8863636363636364,estimated
GPT-4o-mini,119,traversal,7,1,0.6676243246041037,1.0,0.22789115646258504,1.0,estimated
GPT-4o-mini,120,traversal,8,1,0.35574875125616495,0.19047619047619047,0.24114401858304296,1.0,estimated
GPT-4o-mini,121,traversal,7,1,0.5181079277877053,0.5384615384615384,0.25366300366300365,1.0,estimated
GPT-4o-mini,122,memory,1,0,,,,,estimated
GPT-4o-mini,123,traversal,6,1,0.3069329631135532,0.07317073170731707,0.3130081300813008,1.0,estimated
GPT-4o-mini,124,traversal,6,1,0.661554839378517,0.7629200895473666,0.3909245516388373,0.9615384615384616,estimated
GPT-4o-mini,125,memory,1,0,,,,,estimated
GPT-4o-mini,126,traversal,5,1,0.5800935919536049,0.5110018102726213,0.5187884365979165,0.8,estimated
GPT-4o-mini,127,traversal,9,1,0.5618175026109646,0.6453194034014061,0.35035087655380853,0.7818181818181819,estimated
GPT-4o-mini,128,traversal,7,1,0.45222860202880094,0.3684210526315789,0.26357560568086885,1.0,estimated
GPT-4o-mini,129,traversal,8,1,0.715374101183781,0.8391854294807807,0.449844706401079,0.9574468085106382,estimated
GPT-4o-mini,130,traversal,4,1,0.5082889981645315,0.3333333333333333,0.4393939393939394,1.0,estimated
GPT-4o-mini,131,traversal,10,1,0.6069051759008339,0.8043478260869565,0.24800310559006214,0.9682539682539684,estimated
GPT-4o-mini,132,traversal,10,1,0.6196744167651489,1.0,0.17916666666666664,0.9142857142857143,estimated
GPT-4o-mini,133,memory,1,0,,,,,estimated
GPT-4o-mini,134,traversal,10,1,0.5804618212308493,0.8333333333333334,0.17575757575757575,1.0,estimated
GPT-4o-mini,135,traversal,7,1,0.6107006733173439,0.7228056215844599,0.36606590688223334,0.84375,estimated
GPT-4o-mini,136,memory,1,0,,,,,estimated
GPT-4o-mini,137,traversal,7,1,0.4913575725044332,0.4666666666666667,0.2578231292517007,1.0,estimated
GPT-4o-mini,138,traversal,5,1,0.477781911531584,0.3333333333333333,0.36095238095238097,1.0,estimated
GPT-4o-mini,139,memory,1,1,,,,,estimated
GPT-4o-mini,140,traversal,6,1,0.5071545316948398,0.46153846153846156,0.29594017094017094,1.0,estimated
GPT-4o-mini,141,traversal,7,1,0.6299977695322581,0.875,0.2346938775510204,1.0,estimated
GPT-4o-mini,142,traversal,7,1,0.6324791203637448,0.681917211328976,0.3911955586832434,0.96875,estimated
GPT-4o-mini,143,traversal,3,1,0.6800777886680706,0.59375,0.5795454545454546,1.0,estimated
GPT-4o-mini,144,traversal,7,1,0.6156203302079287,0.5864126399632786,0.5405760073923732,0.78125,estimated
GPT-4o-mini,145,traversal,4,1,0.6344879736435659,0.6333333333333333,0.51875,0.8181818181818181,estimated
GPT-4o-mini,146,traversal,8,0,0.45214731354877724,0.4434407791445975,0.265625,0.8148148148148149,estimated
GPT-4o-mini,147,traversal,7,1,0.6124665325245366,0.7530864197530863,0.3318636096413874,0.875,estimated
GPT-4o-mini,148,traversal,8,0,0.6186344651430515,0.8269230769230769,0.2925080128205128,0.8723404255319149,estimated
GPT-4o-mini,149,traversal,9,0,0.6449011289978842,0.8567708333333333,0.3118532135076253,0.9014084507042253,estimated
GPT-4o-mini,150,traversal,11,1,0.6687438108220061,0.77383738977044,0.41274740817941685,0.9295774647887324,estimated
GPT-4o-mini,151,traversal,5,1,0.7306284265836435,0.7371982470297319,0.5848193887596347,0.9500000000000001,estimated
GPT-4o-mini,152,memory,1,0,,,,,estimated
GPT-4o-mini,153,traversal,3,1,0.5684458481096544,0.375,0.5476190476190476,1.0,estimated
GPT-4o-mini,154,traversal,4,0,0.8018285758516416,0.937548751950078,0.5439711851264244,1.0,estimated
GPT-4o-mini,155,memory,1,1,,,,,estimated
GPT-4o-mini,156,traversal,11,1,0.7131334022363748,0.9228591797757832,0.38190160980030396,0.9519230769230769,estimated
GPT-4o-mini,157,traversal,11,1,0.5851222389198056,0.8162627552893167,0.20607055779469574,0.9577464788732395,estimated
GPT-4o-mini,158,memory,1,0,,,,,estimated
GPT-4o-mini,159,traversal,5,1,0.5880616716516087,0.625,0.32857142857142857,1.0,estimated
GPT-4o-mini,160,traversal,7,0,0.7702928329102049,0.8981481481481481,0.5044269222840652,1.0,estimated
GPT-4o-mini,161,traversal,10,1,0.6433058051837593,0.8505463312341004,0.3666345854581149,0.7831325301204819,estimated
GPT-4o-mini,162,traversal,6,1,0.5216783038847626,0.5,0.29292929292929293,1.0,estimated
GPT-4o-mini,163,memory,1,0,,,,,estimated
GPT-4o-mini,164,traversal,4,0,0.5981496717529754,0.5714285714285714,0.39880952380952384,1.0,estimated
GPT-4o-mini,165,traversal,5,1,0.5880616716516087,0.625,0.32857142857142857,1.0,estimated
GPT-4o-mini,166,traversal,6,1,0.7176957456673775,0.777793086099982,0.5071628006872851,0.9615384615384616,estimated
GPT-4o-mini,167,traversal,5,1,0.7214274037355966,0.9226464689641448,0.4179349226668971,0.9130434782608696,estimated
GPT-4o-mini,168,traversal,7,1,0.7668980597515764,0.922795871980632,0.5229870561912071,0.9090909090909092,estimated
GPT-4o-mini,169,traversal,5,1,0.6960288801123536,0.8558558558558558,0.4145530145530145,0.9130434782608696,estimated
GPT-4o-mini,170,memory,1,1,,,,,estimated
GPT-4o-mini,171,traversal,5,1,0.7030499987246199,1.0,0.29,1.0,estimated
GPT-4o-mini,172,traversal,6,1,0.5576329218237137,0.6,0.2851851851851852,1.0,estimated
GPT-4o-mini,173,traversal,8,1,0.6062060612501559,0.6637119003309745,0.3817191038698549,0.8947368421052632,estimated
GPT-4o-mini,174,traversal,6,1,0.6171843973566264,0.7,0.32962962962962966,1.0,estimated
GPT-4o-mini,175,traversal,7,1,0.5753735574924013,0.675,0.2978571428571429,0.9130434782608696,estimated
GPT-4o-mini,176,traversal,12,1,0.5836541265325782,0.875,0.17327008928571427,0.9534883720930233,estimated
GPT-4o-mini,177,traversal,6,1,0.5216783038847626,0.5,0.29292929292929293,1.0,estimated
GPT-4o-mini,178,memory,1,1,,,,,estimated
GPT-4o-mini,179,memory,1,0,,,,,estimated
GPT-4o-mini,180,traversal,9,1,0.6429937400579705,0.8557170393363627,0.3526625017726545,0.8028169014084507,estimated
GPT-4o-mini,181,traversal,9,1,0.604116990655006,0.8461538461538461,0.20716320716320713,1.0,estimated
GPT-4o-mini,182,traversal,5,1,0.6404767264618803,0.7777777777777778,0.31851851851851853,1.0,estimated
GPT-4o-mini,183,memory,1,0,,,,,estimated
GPT-4o-mini,184,traversal,6,1,0.5383205236145169,0.5454545454545454,0.28939393939393937,1.0,estimated
GPT-4o-mini,185,traversal,8,1,0.6538456350323049,1.0,0.20535714285714285,1.0,estimated
GPT-4o-mini,186,traversal,5,1,0.5640839337667529,0.5555555555555556,0.33611111111111114,1.0,estimated
GPT-4o-mini,187,traversal,4,1,0.28695389182883313,6.93469253306981e-05,0.4927268800240403,1.0,estimated
GPT-4o-mini,188,traversal,4,1,0.7730434088864238,0.8728833451163742,0.6131379585326954,0.8571428571428571,estimated
GPT-4o-mini,189,traversal,7,1,0.5675029282001129,0.6129032258064516,0.2952380952380952,1.0,estimated
GPT-4o-mini,190,traversal,8,1,0.6507062366264976,0.806138940851649,0.4208057866054561,0.7777777777777777,estimated
GPT-4o-mini,191,traversal,7,1,0.5994777295209069,0.7777777777777778,0.2400793650793651,1.0,estimated
GPT-4o-mini,192,traversal,8,1,0.6224172191794717,0.7538792140238122,0.3440695972633658,0.8936170212765957,estimated
GPT-4o-mini,193,traversal,8,1,0.6578089876530148,0.8347826086956522,0.33518198287220025,0.9444444444444444,estimated
GPT-4o-mini,194,traversal,6,1,0.6412776051956836,0.8571428571428571,0.26587301587301587,1.0,estimated
GPT-4o-mini,195,memory,1,0,,,,,estimated
GPT-4o-mini,196,memory,1,0,,,,,estimated
GPT-4o-mini,197,traversal,7,1,0.6279049022605578,0.6984555367031176,0.45166441416104314,0.7948717948717949,estimated
GPT-4o-mini,198,traversal,6,1,0.6838194440251192,1.0,0.2555555555555556,1.0,estimated
GPT-4o-mini,199,traversal,9,1,0.6116559138141632,0.9,0.19012345679012346,1.0,estimated
